QNO,Q13.1 ,Q13.1a,Q13.1b,Q13.1c,Q13.1d,Q13.1e,Q13.1f,Q13.1g,Q13.1h,Q13.2 ,Q13.2a,Q13.2b,Q13.2c,Q13.2d,Q13.2e,Q13.2f,Q13.2g,Q13.2h,Q13.3 ,Q13.3a,Q13.3b,Q13.3c,Q13.3d,Q13.3e,Q13.3f,Q13.3g,Q13.3h,Q14.1,Q14.1,Q14.1,Q14.1,Q14.1,Q14.1,Q14.1,Q14.1,Q14.1,Q14.1,14.2,14.2,14.2,14.2,14.2,14.2,14.2,14.2,14.2,14.2,Q14.3,Q14.3,Q14.3,Q14.3,Q14.3,Q14.3,Q14.3,Q14.3,Q14.3,Q14.3,Q14.1,Q15.1,Q15.2,Q15.3,Q16.1,Q16.1,Q16.1,Q16.1,Q16.1,Q16.1,Q16.1,Q16.1,Q16.1,Q16.1,Q16.1,Q16.2.1,Q16.2.1,Q16.2.1,Q16.2.1,Q16.2.1,Q16.2.1,Q16.2.1,Q16.2.1,Q16.2.1,Q16.2.1,Q16.2.1,Q16.2.1,Q16.2.2,Q16.2.2,Q16.2.2,Q16.2.2,Q16.2.2,Q16.2.2,Q16.2.2,Q16.2.2,Q16.2.2,Q16.2.2,Q16.2.2,Q16.2.2,Q16.2.3,Q16.2.3,Q16.2.3,Q16.2.3,Q16.2.3,Q16.2.3,Q16.2.3,Q16.2.3,Q16.2.3,Q16.2.3,Q16.2.3,Q16.2.3,Q17.1,Q17.1,Q17.1,Q17.1,Q17.1,Q17.2.1,Q17.2.1,Q17.2.1,Q17.2.1,Q17.2.1,Q17.2.1,Q17.2.2,Q17.2.2,Q17.2.2,Q17.2.2,Q17.2.2,Q17.2.2,Q17.2.3,Q17.2.3,Q17.2.3,Q17.2.3,Q17.2.3,Q17.2.3,S8.1.1,S8.1.2,S8.1.3,S8.1.4,S8.1.5,S8.1.6,S8.1.7,S8.1.8,Q18.1.1,Q18.1.2,Q18.1.3,Q18.1.4,Q18.1.5,Q18.1.6,Q18.1.7,Q18.1.8,Q19.1.1,Q19.1.2,Q19.1.3,Q19.1.4,Q19.1.5,Q19.1.6,Q19.1.7,Q19.1.8,Q19.1.9,Q19.1.10,Q19.1.11,Q19.1,Q19.2,Q20,Q21,Q22,,Q24.1,Q24.2,Q24.3,Q24.4,Q24.5,Q24.6,Q24.7,Q24.8,Q24.9,Q24.10,Q24.11,Q24.12,Q24.13,Q24.14,Q24.15,Q24.16,Q24.17,Q24.18,Q24.19,Q24.20,Q24.21,Q24.22,Q24.23,Q24.24,Q24.25,Q24.26,Q24.27
1,Pure by Big C,,1,,,,,,,Boots,,,,1,2,,,,Watson,,,,1,2,,,,,,,,,,,,,,,,,,,,,,,,,,,,,,,,,,D,80,300,200,4,5,5,5,5,5,4,5,5,5,4,Pure by Big C,4,4,4,4,4,4,4,4,4,4,3,Boots,3,4,4,4,4,4,3,3,4,4,3,Watson,3,4,4,4,4,4,3,3,4,4,3,5,5,5,5,5,Pure by Big C,5,4,4,4,4,Boots,4,4,4,99,4,Watson,4,4,4,99,4,2,,,,1,,2,,,,,,4,,,,,1,1,1,,1,,1,,,,3,B,B,3,B,,3,3,4,5,4,3,5,4,3,4,4,4,3,3,4,4,3,4,3,4,4,4,4,5,4,3,4
2,Pure by Big C,1,,,,,,,,Fascino,1,,,,,,,,,,,,,,,,,Pure by Big C,,,,,,,,,1,Fascino,,,,,,,,,1,,,,,,,,,,,D,35,35,,4,3,3,2,3,3,4,4,4,3,2,Pure by Big C,3,3,3,3,3,3,4,4,4,2,2,Fascino,3,3,2,2,2,3,3,3,3,2,2,,,,,,,,,,,,,3,4,2,3,4,Pure by Big C,4,4,2,99,3,Fascino,2,2,2,99,2,,,,,,,,,2,,2,,,,,,,,,,,,1,,,1,,,,,1,1,,10,C,B,5,,,1,4,5,5,4,5,5,5,4,5,4,5,3,4,3,5,3,4,2,2,3,3,3,3,4,1,2
3,Watson,,2,,1,,,,,Pure by Big C,1,,,,,2,,,Boots,,,,1,,,,,,,,,,,,,,,Pure by Big C,,,,,,1,1,,,,,,,,,,,,,C,300,100,700,5,5,3,5,5,4,5,5,4,5,4,Watson,3,2,3,3,3,3,2,3,3,5,4,Pure by Big C,4,3,3,3,3,4,4,3,3,4,3,Boots,2,4,5,3,4,2,2,3,3,4,3,3,4,3,4,5,Watson,4,3,3,99,3,Pure by Big C,5,4,3,99,4,Boots,2,2,3,99,4,2,,,,2,,2,,,,,,,,,,1,1,1,1,,,1,,,,,3,B,B,4,,,2,5,1,5,3,1,2,5,4,2,2,4,3,5,2,3,5,5,2,5,4,4,4,2,2,1,5
4,Watson,,3,,,2,1,,,Boots,,1,,,2,3,,,,,,,,,,,,,,,,,,,,,,,,,,,,,,,,,,,,,,,,,,D,1000,500,,4,4,4,4,4,5,5,5,4,5,4,Watson,4,5,5,4,4,5,4,5,4,4,4,Boots,3,4,4,4,4,4,4,4,4,4,4,,,,,,,,,,,,,4,4,4,4,4,Watson,5,4,4,99,4,Boots,3,4,4,99,4,,,,,,,2,,,,,,2,,,,,,,,,,,1,1,1,,,1,,1,,,2,B,B,4,,,3,4,4,4,4,3,3,4,4,4,3,3,4,4,3,4,3,4,3,3,3,3,3,3,3,3,4
5,Watson,,,,1,3,2,,,,,,,,,,,,,,,,,,,,,,,,,,,,,,,,,,,,,,,,,,,,,,,,,,,D,600,,,5,4,3,3,3,4,3,4,4,3,4,Watson,4,4,3,4,3,3,3,4,3,3,4,,,,,,,,,,,,,,,,,,,,,,,,,5,4,4,4,5,Watson,5,4,4,99,5,,,,,,,,,,,,,,,,,,,2,,,,,,,,,,1,,,1,,,1,,,,,7,C,B,3,,,3,4,3,4,3,2,4,4,3,3,3,3,3,4,3,3,3,4,3,3,3,3,4,3,4,3,4
6,Watson,,,,1,2,,,3,Boots,,,,,1,,,,Pure by Big C,1,2,3,,,,,,,,,,,,,,,,,,,,,,,,,,Pure by Big C,,,1,,1,,1,,,A,200,200,200,5,5,3,3,3,5,5,5,5,4,4,Watson,1,5,5,5,5,3,4,4,4,5,4,Boots,1,5,5,4,4,3,4,4,4,4,4,Pure by Big C,4,3,3,4,4,5,5,5,4,4,4,5,5,5,5,5,Watson,4,5,3,99,4,Boots,4,4,3,99,4,Pure by Big C,4,4,3,99,4,2,,,,2,,2,,,,,,,,,,,,1,1,,,,,,,,3,B,B,3,,,4,5,5,5,5,3,4,5,4,4,5,4,4,5,4,5,3,5,2,2,5,4,5,4,3,4,4
7,Pure by Big C,1,,2,,,,3,,Watson,,3,,1,2,,,,,,,,,,,,,Pure by Big C,,,,1,,1,1,,,,,,,,,,,,,,,,,,,,,,,A,300,500,,5,5,5,4,5,5,5,5,5,5,5,Pure by Big C,4,3,3,4,4,5,5,4,5,5,3,Watson,3,5,4,4,3,5,5,4,5,5,5,,,,,,,,,,,,,5,4,5,4,5,Pure by Big C,5,5,5,4,4,Watson,3,4,4,5,4,,,,,,,,,,,1,,1,,,,,,4,,4,,,1,,1,,,,,,,,2,B,A,3,C,,2,4,3,5,4,2,4,5,4,4,4,4,3,4,3,3,4,5,3,4,4,4,4,4,3,2,2
8,Pure by Big C,3,1,,,,2,,,Watson,3,1,,,,2,,,Boots,3,1,,,,2,,,Pure by Big C,,1,1,,,,,,,watson,,1,1,,,,,,,Boots,,1,1,,,,,,,D,1000,1000,1000,5,5,5,5,5,5,5,5,5,5,4,Pure by Big C,5,5,5,4,4,4,4,4,5,5,4,Watson,5,5,5,4,4,4,4,4,5,5,4,Boots,5,5,5,4,4,4,4,4,5,5,4,5,5,5,5,5,Pure by Big C,5,5,5,5,5,Watson,5,5,5,99,5,Boots,5,5,5,99,5,2,,,2,1,,2,,,,,,4,,,,1,1,1,1,,1,,,1,,,6,C,B,3,B,,4,4,5,5,5,5,4,5,5,5,5,3,4,5,4,4,4,3,4,5,5,5,5,3,3,4,4
9,Pure by Big C,2,,,,3,1,,,Watson,,,,1,,2,3,,,,,,,,,,,Pure by Big C,,,1,,,1,1,,,,,,,,,,,,,,,,,,,,,,,C,400,200,,5,5,5,5,5,5,5,5,5,5,5,Pure by Big C,5,5,5,5,5,5,5,5,5,5,5,Watson,5,5,5,5,5,5,5,5,5,5,5,,,,,,,,,,,,,5,5,5,5,5,Pure by Big C,5,5,5,5,5,Watson,3,4,4,99,4,,,,,,,,,,,1,,2,,,,,,4,,,,,,1,1,,,,1,,,,8,A,A,5,A,,4,4,4,4,5,4,5,4,5,4,5,3,3,3,4,5,5,5,5,5,5,5,5,5,5,5,3
10,Pure by Big C,,1,,,2,3,,,Watson,,3,,,2,1,,,Boots,,1,,2,3,,,,,,,,,,,,,,,,,,,,,,,,,,,,,,,,,,D,375,400,250,5,4,4,4,5,5,4,4,5,4,5,Pure by Big C,5,4,4,5,5,5,4,4,4,5,4,Watson,5,4,4,4,5,4,4,4,4,5,5,Boots,4,4,4,4,4,4,4,4,5,5,4,4,4,4,4,4,Pure by Big C,5,5,4,4,5,Watson,5,4,4,99,5,Boots,5,4,4,99,5,2,,,,1,,2,,,,,,4,,,,1,,,1,,1,,,,,,4,B,B,3,A,,3,4,3,4,3,3,4,5,4,4,4,4,4,4,4,4,4,5,3,3,3,4,4,4,4,3,3
11,Pure by Big C,1,,,,,,,,Watson,,,,1,,,,,,,,,,,,,,Pure by Big C,,1,1,,,,,,,,,,,,,,,,,,,,,,,,,,,D,30,50,,4,4,4,4,4,5,5,4,3,3,3,Pure by Big C,4,4,4,4,4,4,3,3,3,4,3,Watson,3,3,3,3,3,5,5,4,5,5,4,,,,,,,,,,,,,4,5,4,3,3,Pure by Big C,4,4,4,4,4,Watson,5,5,3,99,4,,,,,,,,,,,1,,2,,,,,,4,,,,,,,1,1,,,1,,,,4,C,B,5,C,,4,3,4,5,5,3,3,5,5,5,3,5,5,3,3,3,2,3,5,5,3,3,3,3,5,3,4
12,Pure by Big C,1,,,2,,3,,,,,,,,,,,,,,,,,,,,,Pure by Big C,1,,1,,1,,,,,,,,,,,,,,,,,,,,,,,,,D,500,,,4,5,4,5,4,4,5,5,5,4,4,Pure by Big C,4,5,4,5,4,5,4,4,4,4,4,,,,,,,,,,,,,,,,,,,,,,,,,3,4,4,3,3,Pure by Big C,4,5,5,5,5,,,,,,,,,,,,,,,,,1,,,,,,,,5,,,,,,1,,,1,,1,,,,8,C,B,5,C,,3,4,4,4,2,2,2,4,4,4,4,4,4,2,2,4,3,4,3,4,4,2,2,2,2,2,2
13,Pure by Big C,1,2,,,,3,,,,,,,,,,,,,,,,,,,,,Pure by Big C,,1,,1,,,1,,,,,,,,,,,,,,,,,,,,,,,D,100,,,4,5,4,3,4,5,5,4,4,5,4,Pure by Big C,4,5,4,4,3,4,4,4,4,5,5,,,,,,,,,,,,,,,,,,,,,,,,,4,5,4,4,4,Pure by Big C,4,4,5,4,4,,,,,,,,,,,,,,,,,1,,,,,,,,5,,,,1,,,,1,,,1,,,,5,B,B,4,B,,5,5,2,5,5,4,4,5,5,5,5,5,4,5,4,5,5,5,4,5,4,4,5,5,4,4,5
14,Pure by Big C,1,2,,,3,,,,Watson,,,,,1,2,,,Boots,,,,,1,2,,,Pure by Big C,,,1,,,,,,,,,,,,,,,,,,,,,,,,,,,D,300,500,300,4,5,5,5,5,5,4,4,4,5,4,Pure by Big C,4,4,5,4,4,4,4,4,4,4,3,Watson,4,4,5,4,4,4,4,4,4,4,3,Boots,4,4,5,4,4,3,3,3,3,3,3,5,5,5,5,5,Pure by Big C,3,4,3,4,4,Watson,4,4,4,4,4,Boots,3,4,3,99,4,2,,,2,1,,1,,,,,,5,,5,,1,1,,1,,,,,,,,2,B,B,4,A,,5,4,1,5,3,4,4,4,1,5,5,3,5,4,4,4,4,4,4,4,4,4,4,2,3,2,5
15,Pure by Big C,2,1,,,,,,,Watson,,,,1,,,,,Boots,,,,1,,,,,Pure by Big C,,1,,,,,,,,,,,,,,,,,,,,,,,,,,,,D,400,200,400,5,4,2,3,3,5,5,5,5,5,2,Pure by Big C,5,4,3,3,3,5,5,5,4,4,2,Watson,2,2,3,3,3,2,3,3,2,4,3,Boots,3,2,3,3,3,1,3,3,3,3,3,5,4,4,3,5,Pure by Big C,5,4,4,2,5,Watson,5,3,3,99,3,Boots,3,3,3,99,3,2,,,,1,,2,,,,,,5,,,,1,1,1,1,,,,,,,,2,C,B,5,A,,1,5,1,5,3,3,4,5,3,1,3,4,3,2,2,1,4,3,2,5,3,4,4,3,3,1,5
16,Pure by Big C,1,2,3,,,,,,P&F,1,2,3,,,,,,Watson,,,,2,1,3,,,Pure by Big C,1,1,,1,,,,,,P&F,1,1,,1,,,,,,,,,,,,,,,,D,200,100,200,5,5,5,5,5,5,5,5,4,5,4,Pure by Big C,3,4,4,4,4,4,4,4,4,4,2,P&F,4,4,4,2,3,3,4,4,4,4,2,Watson,2,4,4,4,4,4,3,4,4,4,4,5,4,4,4,5,Pure by Big C,5,4,4,4,4,P&F,5,4,4,99,4,Watson,5,4,4,99,4,,,,2,1,,2,,,,,,4,,,,1,1,1,1,,,1,1,,,,4,B,B,3,C,,2,4,4,5,4,2,4,5,4,4,4,4,3,4,3,4,4,5,5,4,4,4,4,5,3,3,2
17,Pure by Big C,,2,,3,,1,,,Watson,,2,,1,,3,,,Boots,,2,,1,,3,,,,,,,,,,,,,,,,,,,,,,,,,,,,,,,,,D,85,250,100,5,5,5,5,5,4,5,5,5,5,3,Pure by Big C,4,4,4,3,3,4,4,4,3,3,3,Watson,4,4,4,3,4,4,3,4,3,4,3,Boots,2,3,2,2,3,3,4,4,3,3,3,5,5,4,4,4,Pure by Big C,4,5,4,4,4,Watson,5,5,4,99,4,Boots,3,3,3,99,3,2,,,,1,,2,,,,,,4,,,,,1,1,1,,1,1,,1,,,7,B,B,3,B,,3,4,3,3,4,3,4,4,4,4,3,4,4,3,3,3,4,4,3,4,4,4,4,4,3,3,3
18,Pure by Big C,1,2,3,,,,,,Watson,,,,2,1,,,3,D-Chain,1,,,,,,,,Pure by Big C,,1,1,,,,,,,,,,,,,,,,,D-Chain,,1,1,,,,,,1,A,500,1000,100,2,5,5,5,5,5,5,5,4,5,5,Pure by Big C,4,5,4,4,3,5,5,5,5,5,3,Watson,3,4,4,4,4,2,3,4,2,2,5,D-Chain,3,2,2,2,1,2,2,2,2,2,1,5,5,5,5,5,Pure by Big C,5,5,4,5,5,Watson,3,2,2,99,2,D-Chain,2,2,2,99,2,,2,,,1,,2,,,,,,4,,,,,,1,1,,,1,,1,,,7,B,B,3,C,,1,5,4,5,5,3,5,5,4,5,5,5,5,5,3,5,5,5,2,4,5,5,5,2,3,1,5
19,Pure by Big C,1,,3,,,2,,,Watson,,,,1,3,2,,,Boots,,3,,,2,1,,,Pure by Big C,,1,1,1,,,,,,,,,,,,,,,,,,,,,,,,,,D,39,100,500,5,5,5,4,5,5,5,5,5,4,3,Pure by Big C,5,5,5,5,4,4,5,5,5,5,5,Watson,4,4,4,4,4,3,4,5,5,4,5,Boots,4,4,4,4,4,3,4,5,5,4,5,5,5,5,5,5,Pure by Big C,5,5,5,5,5,Watson,4,5,5,5,5,Boots,4,5,5,99,5,2,,,,1,,1,,,,,,4,,3,,1,1,1,1,,,1,,1,,,7,B,B,3,B,,5,5,4,5,5,4,4,5,5,5,5,5,5,5,5,4,5,5,4,4,5,5,5,5,4,4,2
20,Pure by Big C,1,3,2,,,,,,Watson,2,,,3,1,,,,Boots,1,,2,,3,,,,Pure by Big C,,,,,1,,1,,,watson,,1,1,,,,,,,Boots,,,1,,,,,,,D,200,500,100,5,5,4,5,4,5,5,4,4,4,4,Pure by Big C,4,4,5,4,4,4,4,4,4,4,4,Watson,4,4,5,4,4,4,4,4,4,4,4,Boots,4,4,5,4,4,4,4,4,4,3,4,4,3,4,4,4,Pure by Big C,4,4,4,4,4,Watson,4,4,4,4,4,Boots,4,4,3,99,4,2,,,,1,,1,,,,,,4,,4,,,,1,,,,,1,,,,3,A,A,4,C,,3,3,3,5,4,2,3,5,5,3,3,3,3,4,3,3,4,3,3,3,3,4,3,4,3,3,4
21,Pure by Big C,1,2,3,,,,,,Fascino,1,2,3,,,,,,P&F,1,2,3,,,,,,Pure by Big C,,1,1,,,,1,,,Fascino,,1,,1,,,1,,,P&F,,1,1,,,,1,,,D,200,200,200,5,5,5,5,5,5,5,5,5,5,5,Pure by Big C,4,4,4,3,3,3,4,4,4,4,2,Fascino,4,4,4,3,3,3,4,4,4,4,2,P&F,4,4,4,3,3,3,4,4,4,4,4,5,5,5,5,5,Pure by Big C,4,4,3,3,4,Fascino,4,4,3,99,4,P&F,4,4,3,99,4,,,2,2,1,,2,,,,,,4,,,,1,1,1,1,,1,,1,1,,,9,A,A,3,B,,4,4,4,4,4,4,4,4,3,4,4,4,4,4,4,4,4,4,3,4,3,4,4,4,3,2,4
22,Pure by Big C,1,3,2,,,,,,P&F,1,2,,,,,,,Watson,,,,1,,,,,Pure by Big C,,1,1,1,,,,,,P&F,,1,1,,,,,,,,,,,,,,,,,D,200,100,150,5,4,3,3,3,4,5,5,4,3,3,Pure by Big C,5,4,3,4,3,2,3,4,4,4,2,P&F,4,5,4,4,3,4,3,4,3,2,2,Watson,3,2,4,2,2,4,2,2,2,4,4,4,4,4,4,5,Pure by Big C,5,4,3,4,5,P&F,4,4,4,99,4,Watson,2,2,2,99,3,,,,2,1,,2,,,,,,4,,,,1,1,1,1,,,,,,,,1,A,B,4,B,,3,4,4,4,4,3,4,5,4,5,3,2,3,4,4,3,4,3,3,4,3,3,4,4,4,3,5
23,Pure by Big C,1,2,,3,,,,,Watson,3,,2,1,,,,,,,,,,,,,,Pure by Big C,,1,,1,,,1,,,watson,,1,,1,,,1,,,,,,,,,,,,,D,50,100,,5,5,5,5,5,5,5,5,5,5,4,Pure by Big C,4,5,5,4,4,3,3,3,4,3,2,Watson,4,4,4,4,4,4,3,3,3,3,2,,,,,,,,,,,,,5,5,5,5,5,Pure by Big C,5,5,3,5,5,Watson,3,3,3,99,5,,,,,,,,,,,1,,2,,,,,,5,,,,1,,1,1,,,1,1,,,,4,C,B,4,B,,3,2,2,5,3,3,5,5,4,4,4,5,5,4,4,5,5,4,4,4,4,4,3,4,3,4,4
24,Pure by Big C,1,,,,,,,,Watson,,,,1,,,,2,,,,,,,,,,Pure by Big C,,,1,,,,,,,,,,,,,,,,,,,,,,,,,,,D,200,200,,4,4,4,4,4,4,4,5,4,3,4,Pure by Big C,4,5,4,4,3,4,4,5,4,4,2,Watson,3,4,5,4,4,4,4,3,4,4,4,,,,,,,,,,,,,4,5,4,4,4,Pure by Big C,4,4,4,3,5,Watson,3,3,4,99,3,,,,,,,,,,,1,,2,,,,,,4,,,,1,,1,1,,,,1,,,,4,C,B,5,C,,2,3,2,2,4,4,3,2,3,3,3,4,3,3,4,2,3,4,4,4,3,4,4,4,5,3,4
25,Pure by Big C,1,2,,,3,,,,Boots,3,1,,2,,,,,Watson,1,,,2,,,,,Pure by Big C,,1,1,1,,,1,,,Boots,,1,1,1,,,,,,Watson,,1,,,,,,,,D,500,1000,300,3,3,3,3,3,3,5,4,4,4,3,Pure by Big C,4,4,4,4,4,4,4,4,4,4,4,Boots,4,5,5,4,4,4,4,4,4,4,4,Watson,4,3,3,4,4,4,3,4,4,4,4,4,4,3,4,4,Pure by Big C,4,4,4,4,4,Boots,4,4,4,99,4,Watson,4,4,4,99,4,2,,,,1,2,2,,,,,,4,,,,,1,,,,,,1,1,,,2,B,B,3,A,,4,4,2,5,4,3,4,5,4,4,4,4,3,5,4,3,4,4,3,4,4,4,4,4,3,3,4
26,Pure by Big C,1,,,,,,,,Watson,,,,,1,2,,,Boots,,,,,1,2,,,Pure by Big C,,,,1,,,,,,,,,,,,,,,,,,,,,,,,,,D,50,100,100,5,5,5,5,5,5,5,5,3,3,1,Pure by Big C,3,4,4,4,4,5,4,5,4,5,1,Watson,3,4,5,3,3,4,3,4,4,5,1,Boots,3,4,4,4,4,5,4,4,4,5,2,5,4,3,5,5,Pure by Big C,5,4,4,5,5,Watson,4,4,3,99,4,Boots,4,4,4,5,4,1,,,,1,,2,,4,,,,4,,,,,,1,1,,,,1,,,,4,B,A,2,B,,3,4,3,5,3,2,2,3,5,4,3,5,5,3,4,2,5,4,1,3,4,4,4,5,4,3,5
27,Pure by Big C,1,,,,,,,,Watson,,,,2,3,1,,,,,,,,,,,,Pure by Big C,,1,1,,,,,,,,,,,,,,,,,,,,,,,,,,,D,150,400,,5,5,4,5,5,5,5,4,4,5,4,Pure by Big C,4,4,3,4,4,4,4,3,4,4,3,Watson,3,4,4,4,4,3,4,3,4,4,3,,,,,,,,,,,,,4,4,4,4,4,Pure by Big C,4,4,4,3,4,Watson,4,4,3,99,4,,,,,,,,,,,1,,2,,,,,,3,,,,,1,1,,,1,1,,,,,6,B,B,4,C,,3,4,4,5,4,3,4,5,5,5,4,5,3,5,4,4,4,5,4,5,4,4,4,4,3,3,5
28,Pure by Big C,1,2,3,,,,,,Watson,,3,,2,1,,,,,,,,,,,,,Pure by Big C,1,1,1,,,,,,,,,,,,,,,,,,,,,,,,,,,D,200,300,,5,5,5,5,4,5,5,5,5,4,4,Pure by Big C,4,5,5,4,4,4,4,4,4,4,4,Watson,4,5,5,4,4,4,4,4,4,4,4,,,,,,,,,,,,,5,5,5,5,5,Pure by Big C,4,4,4,4,4,Watson,5,4,5,99,4,,,,,,,,,,,1,,2,,,,,,4,,,,,,1,1,,1,,1,,,,6,B,B,4,B,,3,3,4,4,4,3,4,4,4,4,3,2,3,4,3,3,4,4,4,4,5,4,4,3,4,2,4
29,Pure by Big C,1,3,2,,,,,,Watson,3,,,,1,2,,,Boots,3,,,,1,2,,,Pure by Big C,1,1,1,,,,,,,watson,,1,1,,,,1,,,Boots,,1,1,1,,,,,,D,500,500,100,5,4,4,4,4,4,4,4,4,5,4,Pure by Big C,3,3,3,3,2,4,4,4,3,4,3,Watson,4,5,5,3,4,4,4,3,4,4,4,Boots,4,4,4,3,4,3,3,4,4,4,4,4,5,5,4,5,Pure by Big C,4,3,3,4,3,Watson,4,5,5,99,4,Boots,4,5,4,99,4,2,,,,1,,2,,,,,,4,,,,,,1,1,,,1,1,,,,4,C,B,4,D,,3,3,3,4,5,4,4,5,4,5,4,4,4,4,4,3,4,5,4,4,4,3,4,4,4,4,4
30,Pure by Big C,,1,,,,,,,Watson,,,,,2,1,,,Boots,1,,,,2,3,,,,,,,,,,,,,,,,,,,,,,,Boots,,1,,,,,,,,D,200,1000,150,4,5,4,4,5,5,4,4,5,5,4,Pure by Big C,4,5,5,2,2,5,4,4,4,4,4,Watson,4,5,5,4,4,5,5,4,4,4,4,Boots,4,4,5,3,3,3,4,4,4,4,4,4,5,5,4,4,Pure by Big C,3,3,3,3,3,Watson,4,4,3,99,4,Boots,4,5,4,99,4,2,,,,1,,2,,,,,,3,,,,1,,1,1,,,1,,1,,,4,C,B,4,D,,2,1,5,5,5,2,5,5,5,5,5,5,1,4,4,4,4,4,5,5,4,4,4,5,4,4,5
31,Pure by Big C,,,,2,,1,,,Watson,,,,3,1,2,,,,,,,,,,,,,,,,,,,,,,,,,,,,,,,,,,,,,,,,,,D,400,400,,4,5,5,4,4,4,5,5,4,4,4,Pure by Big C,4,4,4,3,3,4,4,4,4,4,3,Watson,5,4,4,4,4,3,3,4,4,4,4,,,,,,,,,,,,,4,5,4,4,4,Pure by Big C,4,4,3,3,4,Watson,4,4,4,99,4,,,,,,,,,,,1,,2,,,,,,4,,,,,1,,,,1,,,1,,,2,B,B,3,C,,4,4,2,5,4,3,4,5,4,3,4,3,4,5,4,2,4,4,2,3,4,4,5,3,3,3,3
32,Pure by Big C,1,,,,,,,,Boots,3,,,2,1,,,,Watson,3,,,2,1,,,,Pure by Big C,,1,,,,,,,,Boots,,1,,1,,,,,,Watson,,1,,,,,,,,B,100,200,200,4,5,4,4,4,4,5,4,4,4,4,Pure by Big C,3,3,4,3,3,4,4,4,3,3,3,Boots,4,4,4,3,4,4,4,4,4,4,4,Watson,4,4,4,3,4,4,4,4,4,4,4,4,5,4,4,5,Pure by Big C,3,3,3,3,3,Boots,4,4,3,99,4,Watson,4,4,4,4,4,2,,,,1,,1,,,,,,4,,3,,1,,,1,,,,,,,,4,B,B,4,B,,4,5,4,4,3,4,4,4,4,3,4,4,4,4,4,4,4,5,5,4,4,5,5,4,4,4,5
33,Pure by Big C,1,,,2,,,,,Watson,,,,1,2,3,,,,,,,,,,,,Pure by Big C,,,,,,,,,1,,,,,,,,,,,,,,,,,,,,,C,150,200,,4,5,5,4,4,5,4,5,5,5,4,Pure by Big C,4,4,4,2,2,4,4,4,3,4,3,Watson,4,4,4,4,4,3,4,4,4,4,4,,,,,,,,,,,,,4,5,4,4,4,Pure by Big C,4,4,4,4,4,Watson,4,5,4,99,4,,,,,,,,,,,1,,2,,,,,,5,,,,,1,,,,,,1,1,,,9,D,B,2,C,,4,4,3,4,4,2,4,5,4,5,4,4,4,3,4,3,4,4,2,5,3,4,4,5,2,3,3
34,Pure by Big C,3,2,,,,1,,,Watson,,,,2,1,3,,,,,,,,,,,,Pure by Big C,,1,1,,,,,,,,,,,,,,,,,,,,,,,,,,,D,1000,500,,4,5,5,4,4,4,5,5,4,4,4,Pure by Big C,4,4,4,3,3,4,4,4,4,3,3,Watson,5,5,4,4,4,3,3,4,4,5,4,,,,,,,,,,,,,4,5,4,4,4,Pure by Big C,4,3,3,4,4,Watson,4,4,3,4,4,,,,,,,,,,,1,,1,,,,,,4,,4,,,,,1,,1,1,,1,,,4,C,B,3,C,,5,5,3,5,5,2,4,5,5,4,4,3,3,4,4,5,5,5,5,5,4,4,5,5,3,4,5
35,Pure by Big C,1,,,,,,,,Boots,3,,,1,,2,,,Watson,,,,2,1,3,,,Pure by Big C,,1,1,,,,,,,Boots,,1,1,,,,1,,,,,,,,,,,,,B,100,300,300,4,5,5,4,4,4,4,5,4,4,4,Pure by Big C,4,3,3,2,2,3,3,4,4,3,4,Boots,4,4,4,3,3,4,4,3,4,4,4,Watson,4,5,4,4,4,4,3,4,4,4,4,4,4,3,4,4,Pure by Big C,4,3,4,3,3,Boots,4,3,4,99,3,Watson,4,4,4,4,4,2,,,,1,,1,,,,,,4,,4,,,,,1,,,1,,,,,4,B,B,3,B,,4,3,4,4,5,4,3,4,4,3,4,4,3,3,4,3,4,4,5,4,4,3,4,4,3,4,4
36,Pure by Big C,1,2,,,,,,,,,,,,,,,,,,,,,,,,,Pure by Big C,,1,1,1,,,1,,,,,,,,,,,,,,,,,,,,,,,D,300,,,4,5,5,4,4,5,4,4,4,4,4,Pure by Big C,4,4,4,2,2,3,4,4,3,4,3,,,,,,,,,,,,,,,,,,,,,,,,,4,5,4,4,4,Pure by Big C,4,4,3,4,4,,,,,,,,,,,,,,,,,1,,,,,,,,4,,,,1,,,1,,,1,,1,,,4,B,B,3,B,,2,4,5,5,2,1,3,4,4,3,2,4,4,4,2,4,2,2,1,4,2,2,4,4,2,1,2
37,Pure by Big C,1,,,,,,,,Watson,,,,1,2,3,,,,,,,,,,,,Pure by Big C,,1,1,1,,,1,,,,,,,,,,,,,,,,,,,,,,,D,200,400,,4,5,3,3,3,4,4,5,4,4,3,Pure by Big C,4,4,4,3,3,4,4,4,4,4,4,Watson,4,4,4,4,4,3,3,4,4,4,4,,,,,,,,,,,,,4,4,4,3,3,Pure by Big C,4,3,4,3,3,Watson,4,4,4,99,3,,,,,,,,,,,1,,2,,,,,,4,,,,,1,,1,,1,1,,,,,6,C,B,4,C,,4,4,2,5,5,4,4,4,3,4,5,2,3,4,3,4,5,3,2,2,4,3,2,4,3,2,2
38,Pure by Big C,1,3,2,,,,,,Watson,1,,2,3,,,,,,,,,,,,,,Pure by Big C,,1,1,,,,1,,,watson,,1,1,,,,1,,,,,,,,,,,,,D,200,250,,4,4,5,4,4,4,5,5,5,5,4,Pure by Big C,4,4,4,4,4,4,5,5,5,4,4,Watson,4,4,5,5,5,4,4,5,5,5,5,,,,,,,,,,,,,5,4,5,4,4,Pure by Big C,4,5,4,4,4,Watson,4,5,4,4,4,,,,,,,,,,,1,,1,,,,,,4,,4,,1,,1,1,,,1,,,,,4,B,B,4,B,,2,2,4,4,2,2,4,4,4,4,2,4,3,3,3,3,3,3,2,3,3,2,3,2,4,2,4
39,Pure by Big C,1,2,3,,,,,,Watson,,,,3,2,1,,,,,,,,,,,,Pure by Big C,,1,1,,,,1,,,,,,,,,,,,,,,,,,,,,,,D,400,400,,5,4,4,5,5,4,4,5,5,5,4,Pure by Big C,5,4,4,5,4,5,4,4,4,4,3,Watson,4,5,5,5,4,5,4,4,4,4,5,,,,,,,,,,,,,4,4,4,4,4,Pure by Big C,5,4,4,3,4,Watson,5,4,4,99,4,,,,,,,,,,,1,,2,,,,,,3,,,,,1,1,1,,1,1,1,1,,,6,B,B,4,D,,2,3,4,5,4,4,5,4,4,5,4,4,4,3,3,3,4,5,5,4,4,4,5,5,4,4,4
40,Pure by Big C,1,,,,,,,,Watson,,,,,2,1,,,Boots,,,,1,,,,,Pure by Big C,,1,,,,,,,,,,,,,,,,,,,,,,,,,,,,D,150,150,100,5,4,4,5,4,4,5,4,5,5,5,Pure by Big C,4,3,4,4,4,4,4,4,4,4,3,Watson,3,4,5,4,4,3,4,4,4,4,4,Boots,4,4,4,4,4,4,4,4,4,4,4,4,5,4,5,4,Pure by Big C,4,4,4,4,4,Watson,4,4,4,99,4,Boots,4,4,4,99,4,2,,,,1,,2,,,,,,4,,,,,,1,1,,1,1,1,,,,6,B,A,4,D,,4,3,3,4,3,4,5,5,4,4,4,5,3,4,5,3,4,4,5,4,4,5,4,3,3,4,4
41,Pure by Big C,1,,,,,,,,Watson,,,,3,2,1,,,,,,,,,,,,Pure by Big C,,1,,,,,,,,,,,,,,,,,,,,,,,,,,,,D,50,200,,5,4,4,4,4,5,4,4,4,5,4,Pure by Big C,4,4,4,4,4,5,4,4,3,4,2,Watson,3,3,5,4,4,4,3,3,3,4,3,,,,,,,,,,,,,4,4,5,4,4,Pure by Big C,4,4,3,4,3,Watson,4,4,3,99,3,,,,,,,,,,,1,,2,,,,,,3,,,,,,1,,,1,1,1,1,,,6,B,A,3,C,,3,3,4,4,4,5,4,4,3,4,5,4,4,5,3,3,4,4,5,4,4,3,4,4,5,4,4
42,Pure by Big C,1,2,,,,3,,,,,,,,,,,,,,,,,,,,,Pure by Big C,,1,1,1,,,,,,,,,,,,,,,,,,,,,,,,,,B,500,,,5,5,4,5,4,4,5,4,3,3,3,Pure by Big C,4,3,4,3,4,3,4,4,4,3,3,,,,,,,,,,,,,,,,,,,,,,,,,4,4,4,4,4,Pure by Big C,5,4,4,4,4,,,,,,,,,,,,,,,,,1,,,,,,,,4,,,,,1,1,1,,1,1,1,,,,3,B,A,2,D,,4,3,3,5,4,4,4,5,5,4,4,5,4,5,4,4,3,4,3,4,4,4,3,4,3,4,3
43,Pure by Big C,1,,2,3,,,,,Watson,,1,,2,3,,,,,,,,,,,,,Pure by Big C,,1,,,1,,,,,,,,,,,,,,,,,,,,,,,,,D,100,100,,5,5,4,4,4,5,5,4,4,4,4,Pure by Big C,4,3,3,3,4,5,4,3,3,3,2,Watson,3,3,3,3,4,3,3,3,3,4,4,,,,,,,,,,,,,4,4,4,4,5,Pure by Big C,4,4,3,3,4,Watson,4,4,3,99,4,,,,,,,,,,,1,,2,,,,,,4,,,,1,1,1,1,,,,,,,,1,B,B,4,C,,3,3,3,4,4,3,4,5,4,4,4,4,4,5,4,3,4,4,5,5,4,4,5,5,4,4,4
44,Pure by Big C,1,,2,,,,,,Watson,,,,,1,2,,,,,,,,,,,,Pure by Big C,,1,1,,,,1,,,,,,,,,,,,,,,,,,,,,,,D,150,300,,5,3,4,5,3,4,5,4,4,5,3,Pure by Big C,5,3,3,3,3,5,5,4,4,4,3,Watson,4,4,5,3,3,4,4,4,4,4,4,,,,,,,,,,,,,4,4,4,4,4,Pure by Big C,4,4,3,4,4,Watson,4,3,3,99,4,,,,,,,,,,,1,,2,,,,,,3,,,,,1,1,1,,1,1,1,1,,,6,A,A,3,D,,2,3,3,4,4,5,5,5,4,3,3,4,4,4,4,3,4,4,5,4,4,4,4,5,4,4,4
45,Pure by Big C,1,2,,,,3,,,Watson,,,,,,1,,,,,,,,,,,,Pure by Big C,,1,1,1,,,,,,,,,,,,,,,,,,,,,,,,,,A,300,200,,5,5,5,5,5,5,5,5,5,5,5,Pure by Big C,5,5,5,5,5,5,5,5,5,5,5,Watson,4,4,5,3,4,4,3,3,4,3,4,,,,,,,,,,,,,5,5,5,5,5,Pure by Big C,5,5,5,5,5,Watson,3,3,4,99,4,,,,,,,,,,,1,,2,,,,,,4,,,,,,1,1,1,,1,,,,,7,B,B,4,D,,4,4,5,4,5,4,5,5,5,5,4,5,5,5,4,4,4,5,3,2,3,3,4,5,3,3,5
46,Pure by Big C,1,2,3,,,,,,Watson,,,,,1,2,3,,P&F,1,2,3,,,,,,Pure by Big C,1,1,1,,,,,,1,,,,,,,,,,,P&F,1,1,1,,,,,,,C,200,500,200,5,5,5,5,5,5,5,5,5,5,5,Pure by Big C,4,5,3,5,3,5,5,5,5,5,4,Watson,5,5,5,3,5,3,4,4,5,5,5,P&F,3,3,3,2,1,1,3,3,3,4,1,5,5,5,5,5,Pure by Big C,5,5,5,5,5,Watson,5,5,5,99,5,P&F,5,4,5,99,5,,,,2,1,,2,,,,,,5,,,,1,1,1,1,,,1,1,,,1,11,B,A,5,B,,2,4,2,5,5,4,4,5,4,4,5,4,2,5,5,5,2,4,2,5,3,2,2,4,4,1,5
47,Pure by Big C,1,3,,,,2,,,Watson,3,,,1,,2,,,,,,,,,,,,Pure by Big C,,1,1,1,,,,,,watson,,1,1,1,,,,,,,,,,,,,,,,D,300,200,,5,4,4,5,4,5,4,5,4,5,5,Pure by Big C,4,4,4,4,4,4,4,4,4,4,4,Watson,3,4,4,4,4,3,4,3,4,4,4,,,,,,,,,,,,,5,5,5,5,5,Pure by Big C,5,5,5,5,5,Watson,5,5,4,99,5,,,,,,,,,,,1,,2,,,,,,4,,,,1,,1,1,1,1,1,1,1,,,3,B,A,4,B,,5,4,2,3,3,2,4,4,4,5,5,3,3,5,2,5,3,4,3,4,4,3,4,5,2,2,5
48,Pure by Big C,,1,,,2,3,,,Watson,,,,1,,2,3,,,,,,,,,,,,,,,,,,,,,,,,,,,,,,,,,,,,,,,,,D,400,500,,5,5,5,4,4,5,5,5,5,5,5,Pure by Big C,4,4,3,3,3,5,5,4,4,4,3,Watson,3,4,4,3,4,4,4,4,4,4,4,,,,,,,,,,,,,5,5,5,5,5,Pure by Big C,4,4,4,4,4,Watson,4,4,4,99,4,,,,,,,,,,,1,,2,,,,,,4,,,,1,,1,1,,1,1,1,1,,,3,A,B,4,B,,5,4,5,5,3,2,3,5,4,5,5,5,4,4,5,3,5,5,4,4,5,4,4,3,3,2,2
49,Pure by Big C,1,2,3,,,,,,Watson,,,,3,2,1,,,,,,,,,,,,Pure by Big C,,1,1,1,,,,,,,,,,,,,,,,,,,,,,,,,,D,150,300,,5,4,5,5,5,5,4,4,4,5,4,Pure by Big C,5,4,4,5,5,5,5,5,5,4,3,Watson,4,5,5,4,4,5,3,4,4,4,5,,,,,,,,,,,,,5,4,4,5,4,Pure by Big C,5,5,4,4,5,Watson,4,5,4,99,4,,,,,,,,,,,1,,2,,,,,,4,,,,,1,1,1,,1,1,1,,,,3,B,A,3,C,,3,4,4,5,4,3,4,5,3,5,4,5,3,3,4,2,3,3,4,4,3,5,5,5,2,2,4
50,Pure by Big C,1,,,,,,,,Watson,1,2,,,3,,,,,,,,,,,,,Pure by Big C,,1,,,,,,,,watson,,1,1,,,,1,,,,,,,,,,,,,D,500,200,,4,4,3,4,3,4,4,4,4,4,3,Pure by Big C,4,4,4,4,4,4,4,4,4,4,3,Watson,5,4,4,5,5,4,4,4,3,4,4,,,,,,,,,,,,,4,4,4,3,3,Pure by Big C,5,5,5,3,3,Watson,4,4,4,99,3,,,,,,,,,,,1,,2,,,,,,4,,,,1,,1,1,,1,,,1,,,6,B,B,4,C,,3,3,4,4,4,4,4,5,4,4,3,4,4,5,4,3,4,4,3,4,4,3,3,4,5,2,4
51,Pure by Big C,1,2,3,,,,,,Watson,,,,3,1,2,,,,,,,,,,,,Pure by Big C,1,1,1,,,,,,,,,,,,,,,,,,,,,,,,,,,D,300,300,,4,4,5,4,5,5,4,4,4,4,4,Pure by Big C,4,4,5,5,5,5,5,5,4,5,3,Watson,5,5,5,5,4,5,4,4,5,4,5,,,,,,,,,,,,,5,4,5,4,5,Pure by Big C,5,4,5,4,5,Watson,4,4,4,99,5,,,,,,,,,,,1,,2,,,,,,4,,,,1,,1,1,,1,1,1,,,,6,B,A,4,D,,1,4,4,4,5,2,4,5,4,4,4,4,4,4,4,2,3,4,2,3,3,4,2,4,2,2,2
52,Pure by Big C,1,,,,,,,,Watson,,,,,1,2,,,,,,,,,,,,Pure by Big C,,1,,,,,,,,,,,,,,,,,,,,,,,,,,,,D,60,150,,4,4,4,5,5,4,4,4,4,5,4,Pure by Big C,4,4,4,4,4,4,4,5,5,4,3,Watson,5,5,5,4,5,4,4,5,4,4,4,,,,,,,,,,,,,4,4,5,5,5,Pure by Big C,4,4,4,3,4,Watson,4,4,4,99,4,,,,,,,,,,,1,,2,,,,,,4,,,,,,1,1,,1,1,,1,,,6,B,B,4,C,,3,4,4,5,4,3,4,5,4,4,4,4,3,4,4,3,4,3,3,4,4,4,3,4,4,3,4
53,Pure by Big C,1,3,2,,,,,,P&F,1,2,3,,,,,,Watson,1,,,2,3,,,,Pure by Big C,,1,,1,,,1,,,P&F,,1,,1,,,1,,,Watson,,1,,1,,,1,,,D,200,150,150,5,5,5,5,4,5,5,5,4,5,5,Pure by Big C,4,3,3,4,3,3,4,4,3,5,3,P&F,5,5,4,3,3,3,5,5,5,5,5,Watson,5,5,5,5,5,5,5,5,5,5,5,5,5,5,5,5,Pure by Big C,3,4,4,4,4,P&F,3,4,4,99,3,Watson,3,4,4,99,3,2,,,2,1,,2,,,,,,4,,,,,,1,1,1,1,1,,,,,6,B,A,4,B,,4,3,3,3,2,3,4,4,5,5,4,5,3,4,4,3,3,4,4,4,4,4,3,3,3,3,4
54,Pure by Big C,1,2,,3,,,,,Boots,1,2,,3,,,,,Watson,1,2,,3,,,,,Pure by Big C,1,,1,,,,1,,,Boots,1,1,,,,,1,,,Watson,1,,1,,,,1,,,B,150,100,100,5,4,5,4,4,4,5,4,4,4,4,Pure by Big C,5,4,5,4,4,4,4,4,4,4,4,Boots,5,5,4,4,4,4,4,3,3,3,3,Watson,4,4,3,3,4,4,4,3,4,4,4,4,4,4,4,4,Pure by Big C,4,5,4,4,4,Boots,4,4,3,99,3,Watson,4,3,4,99,3,2,,,,1,,2,,,,,,4,,,,1,,1,1,,1,1,,,,,4,B,A,5,B,,5,5,2,4,5,5,3,3,4,3,5,3,3,4,4,3,4,4,5,4,5,4,4,3,3,4,4
55,Pure by Big C,,1,,2,,3,,,Boots,,1,,3,,2,,,Watson,,2,,1,,3,,,,,,,,,,,,,,,,,,,,,,,,,,,,,,,,,B,300,300,300,4,5,4,5,4,5,4,4,5,4,5,Pure by Big C,4,4,5,5,4,5,4,4,5,4,5,Boots,4,4,4,5,5,5,4,4,5,4,5,Watson,4,4,4,5,4,4,4,4,5,4,5,5,4,5,5,5,Pure by Big C,4,4,4,4,4,Boots,4,5,4,99,4,Watson,4,4,3,99,4,2,,,,1,,2,,,,,,4,,,,1,1,1,1,,,1,1,,,,4,B,A,4,C,,4,4,3,4,5,4,3,4,4,5,4,4,5,4,4,4,4,3,3,4,4,4,4,5,4,3,4
56,Pure by Big C,,1,,2,,3,,,Fascino,,2,,3,,1,,,Watson,,1,,2,,3,,,,,,,,,,,,,,,,,,,,,,,,,,,,,,,,,B,1000,500,500,4,4,5,5,3,5,5,4,4,5,4,Pure by Big C,4,3,5,5,4,3,2,4,5,5,4,Fascino,5,4,5,5,5,4,3,5,5,5,5,Watson,4,3,4,4,4,3,2,5,4,4,4,5,5,4,5,3,Pure by Big C,5,5,4,3,3,Fascino,4,4,5,99,5,Watson,5,5,2,4,2,1,,2,2,1,,1,,5,,,,5,,5,,1,1,,,,,,,,1,,2,B,B,1,A,,4,4,4,4,4,5,5,5,4,3,4,4,4,4,3,2,5,4,3,5,3,3,5,5,4,1,2
57,Pure by Big C,2,3,,,,1,,,Watson,3,,,,1,2,,,,,,,,,,,,Pure by Big C,,1,,1,,,,,,watson,,1,,1,,,,1,,,,,,,,,,,,B,200,200,,4,4,2,5,4,3,3,3,4,4,4,Pure by Big C,4,3,3,4,4,3,4,3,3,2,3,Watson,4,5,5,5,4,4,4,3,4,4,5,,,,,,,,,,,,,4,4,4,5,4,Pure by Big C,4,3,3,4,4,Watson,4,4,4,4,4,,,,,,,,,,,1,,1,,,,,,5,,4,,,1,1,1,,,1,,,,,4,B,A,4,B,,4,4,3,5,4,5,4,5,4,4,4,5,4,4,4,5,5,3,2,5,5,3,4,4,3,2,3
58,Pure by Big C,,1,,,3,2,,,Boots,,3,,,1,2,,,Watson,,1,,,2,3,,,,,,,,,,,,,,,,,,,,,,,,,,,,,,,,,D,200,350,330,5,4,3,4,5,5,2,4,4,3,2,Pure by Big C,2,3,2,2,3,2,1,1,2,1,1,Boots,4,5,4,3,4,5,3,4,3,4,4,Watson,5,5,5,3,2,4,2,3,2,4,3,4,4,4,5,4,Pure by Big C,3,3,3,2,2,Boots,4,4,5,99,3,Watson,4,3,4,99,3,2,,,,1,,2,,,,,,4,,,,1,1,,1,,,,,,1,,2,C,B,2,A,,5,4,2,5,5,5,1,3,4,2,4,4,2,3,4,5,5,5,3,4,4,4,4,3,5,5,5
59,Pure by Big C,,1,,2,,3,,,Watson,1,,,2,3,,,,Boots,,,,1,3,2,,,,,,,,,,,,,watson,,1,1,1,,,,,,,,,,,,,,,,D,300,350,200,5,5,4,5,5,5,4,4,4,5,5,Pure by Big C,5,4,4,4,4,5,4,4,4,4,5,Watson,4,4,4,4,4,5,4,4,4,4,5,Boots,3,3,4,4,4,2,5,3,3,3,3,4,5,4,5,4,Pure by Big C,5,4,4,4,4,Watson,4,5,4,99,5,Boots,4,5,4,99,5,2,,,,1,,2,,,,,,5,,,,1,1,,1,,,,,,,,4,A,A,4,B,,4,4,3,4,4,4,4,4,4,4,4,4,4,4,4,4,4,4,4,4,4,4,4,4,4,4,4
60,Pure by Big C,1,2,,,3,,,,Watson,,,,1,2,3,,,Boots,,1,,2,3,,,,Pure by Big C,1,1,1,,,,,,,,,,,,,,,,,,,,,,,,,,,D,200,330,250,5,4,4,3,2,3,3,3,2,4,4,Pure by Big C,5,3,3,2,1,1,2,2,2,3,2,Watson,4,4,3,2,2,1,3,3,3,2,2,Boots,4,4,4,3,1,2,4,3,2,3,1,5,4,4,2,2,Pure by Big C,4,4,2,3,3,Watson,3,3,3,99,2,Boots,4,3,3,99,1,2,,,,1,,2,,,,,,4,,,,1,,,1,,,,,,,,4,A,B,4,A,,3,4,3,4,3,2,5,4,3,3,4,3,3,3,4,3,3,4,3,5,3,4,4,4,4,5,3
61,Pure by Big C,1,2,,,,3,,,Boots,2,1,,3,,,,,Watson,1,3,2,,,,,,Pure by Big C,,1,,1,,,1,,,Boots,,1,,1,,,1,,,Watson,,1,,1,,,1,,,D,200,300,500,4,3,5,4,4,5,5,3,4,5,4,Pure by Big C,4,5,5,5,4,5,5,3,5,5,3,Boots,5,3,4,4,3,3,5,4,3,3,3,Watson,5,3,4,2,1,3,4,5,5,5,5,4,5,5,5,4,Pure by Big C,5,5,4,5,5,Boots,3,3,4,99,4,Watson,3,1,2,99,5,2,,,,1,,2,,,,,,4,,,,,1,,1,,1,1,1,,,,7,B,A,4,B,,5,3,5,5,4,5,4,3,5,5,1,4,4,4,4,5,5,4,3,5,5,5,5,5,4,4,5
62,Pure by Big C,1,,2,,3,,,,Boots,2,,1,,3,,,,Watson,3,,2,,1,,,,Pure by Big C,,1,,1,,,1,,,Boots,,1,,1,,,1,,,Watson,,1,,1,,,1,,,C,200,100,100,4,5,5,3,5,5,3,4,5,3,4,Pure by Big C,4,3,5,3,5,5,3,4,5,3,4,Boots,4,5,5,3,5,5,3,4,5,3,4,Watson,4,5,5,3,5,5,3,4,5,3,4,4,5,3,4,5,Pure by Big C,5,5,5,4,4,Boots,3,3,5,99,5,Watson,4,5,4,99,3,2,,,,1,,2,,,,,,4,,,,1,,,1,,,1,,,,,7,C,A,4,B,,4,5,4,5,4,3,5,4,5,5,4,5,4,5,4,3,4,5,4,3,4,5,5,5,4,5,5
63,Pure by Big C,1,,,2,,,3,,Watson,,1,,2,,,3,,Boots,,,,,2,1,,,Pure by Big C,1,,1,1,,,,,,,,,,,,,,,,,,,,,,,,,,D,200,100,400,4,5,4,4,4,4,5,4,4,5,4,Pure by Big C,5,5,5,5,4,4,4,4,5,4,4,Watson,4,4,4,4,5,5,4,5,4,5,5,Boots,5,5,5,5,5,4,4,4,4,4,4,4,4,4,4,4,Pure by Big C,4,4,4,4,4,Watson,4,4,4,99,4,Boots,4,4,4,99,4,2,,,,1,,2,,,,,,4,,,,1,,,1,1,1,1,,,,,4,B,B,4,B,,4,4,3,4,4,3,5,5,5,5,4,5,4,5,4,4,5,5,5,4,4,3,3,4,4,4,4
64,Pure by Big C,1,2,,,,3,,,Watson,3,,,1,,2,,,Boots,3,,,1,,2,,,Pure by Big C,,1,,1,,,1,,,watson,,1,,1,,,1,,,Boots,,1,,1,,,1,,,D,100,100,100,4,4,4,5,5,5,4,4,5,4,3,Pure by Big C,4,4,3,4,4,3,2,3,2,2,1,Watson,5,4,4,5,5,4,3,4,5,3,1,Boots,4,4,4,5,4,4,3,4,5,4,1,4,3,4,4,4,Pure by Big C,4,4,4,3,5,Watson,4,4,4,99,5,Boots,4,4,4,99,5,2,,,,1,,2,,,,,,4,,,,1,1,,,,,1,,,,,1,B,B,3,C,,3,4,2,4,1,3,4,5,3,4,4,4,4,2,4,4,4,4,5,5,4,4,4,4,4,2,1
65,Pure by Big C,1,,,,,3,2,,Watson,1,2,,3,,,,,Boots,,1,,2,,3,,,Pure by Big C,1,,1,,1,,,,,watson,,1,1,,1,,,,,,,,,,,,,,,D,250,100,100,4,4,5,4,5,4,4,4,4,4,5,Pure by Big C,5,5,5,4,5,4,5,4,4,5,5,Watson,4,4,4,4,4,4,4,5,5,5,4,Boots,5,4,4,4,4,4,5,4,4,4,5,4,4,4,4,4,Pure by Big C,5,4,4,4,4,Watson,5,4,5,99,4,Boots,4,5,4,99,4,2,,,2,1,,2,,,,,,4,,,,1,,,1,1,1,1,1,,,,4,B,B,4,B,,4,4,3,4,4,5,5,4,5,4,4,4,4,4,4,4,5,4,5,4,3,4,4,5,4,4,4
66,Pure by Big C,1,2,,,3,,,,Watson,1,3,,,2,,,,,,,,,,,,,Pure by Big C,1,1,1,,,,,,,watson,,,1,,,,,,,,,,,,,,,,,B,300,100,,4,5,5,3,3,3,5,4,2,1,3,Pure by Big C,5,5,4,4,3,3,5,3,2,1,4,Watson,5,4,4,3,3,1,2,2,4,3,2,,,,,,,,,,,,,4,3,4,2,1,Pure by Big C,4,4,4,3,5,Watson,3,3,4,99,5,,,,,,,,,,,1,,2,,,,,,4,,,,1,1,,,,,1,,,,,1,B,B,4,C,,3,4,3,3,4,3,2,2,2,4,5,5,5,4,2,4,4,4,5,3,2,4,4,4,3,3,3
67,Pure by Big C,1,2,,3,,,,,Watson,1,2,,3,,,,,Boots,1,2,,3,,,,,Pure by Big C,,1,1,1,,,,,,watson,,1,1,,,,1,,,Boots,,1,1,1,,,,,,A,300,350,300,4,4,5,4,5,4,4,4,4,4,4,Pure by Big C,5,4,5,4,4,4,4,4,4,4,4,Watson,4,5,5,4,4,4,4,4,4,4,4,Boots,4,5,4,4,4,4,4,5,5,4,4,4,4,5,4,4,Pure by Big C,4,4,4,4,4,Watson,4,5,4,99,4,Boots,3,4,4,99,3,2,,,,1,,2,,,,,,4,,,,1,1,,1,,,,,,,,1,B,A,4,C,,4,4,4,4,4,4,4,4,4,4,4,4,4,4,4,4,4,4,4,4,4,4,4,4,4,2,2
68,Pure by Big C,2,1,,,3,,,,Boots,,,,1,2,3,,,Watson,,,,1,2,3,,,Pure by Big C,,1,,,,1,1,,,,,,,,,,,,,,,,,,,,,,,D,200,500,500,5,5,4,5,4,5,5,4,4,4,3,Pure by Big C,4,4,4,4,3,3,3,4,4,4,4,Boots,4,5,4,5,4,5,4,5,5,4,4,Watson,4,4,4,5,4,5,4,4,4,4,5,4,4,4,4,4,Pure by Big C,4,4,4,4,4,Boots,4,5,5,99,4,Watson,5,4,5,99,4,2,2,2,2,1,,2,,,,,,4,,,,1,1,,1,,,1,1,,,,7,A,B,4,B,,4,4,2,4,2,3,4,4,3,4,5,4,4,2,4,4,5,4,5,5,4,5,4,4,4,3,2
69,Boots,,1,,2,,3,,,Watson,,2,,1,,3,,,,,,,,,,,,,,,,,,,,,,,,,,,,,,,,,,,,,,,,,,D,300,100,,5,5,5,4,3,5,5,5,4,4,2,Boots,5,5,5,5,5,5,5,5,4,5,5,Watson,4,4,3,5,5,3,4,4,4,5,4,,,,,,,,,,,,,5,5,5,4,4,Boots,5,4,5,99,3,Watson,5,5,5,99,5,,,,,,,2,,,,,,2,,,,,,,,,,1,1,,,,,1,,,,,1,C,B,3,,,4,3,3,3,3,4,4,4,4,5,5,4,3,3,3,4,5,4,3,5,4,4,4,5,4,1,5
70,Watson,,3,,,2,1,,,Boots,,3,,,2,1,,,,,,,,,,,,,,,,,,,,,,,,,,,,,,,,,,,,,,,,,,B,200,200,,5,5,4,5,5,5,5,5,5,5,5,Watson,4,4,4,5,4,4,4,4,4,4,5,Boots,5,4,4,4,4,3,3,3,4,3,4,,,,,,,,,,,,,5,5,5,5,5,Watson,4,4,4,99,4,Boots,4,4,4,99,4,,,,,,,2,,,,,,2,,,,,,,,,,1,,,1,,,1,,,,,4,A,A,4,,,4,4,5,4,4,5,4,4,5,4,3,4,4,5,4,5,4,5,3,5,4,5,5,5,2,1,4
71,Pure by Big C,3,1,,,2,,,,Boots,2,3,,,,1,,,Watson,3,2,,,1,,,,Pure by Big C,,1,,1,,,1,,,Boots,,1,,1,,,1,,,Watson,,1,,1,,,,1,,D,100,250,330,5,4,3,4,4,4,4,5,5,5,5,Pure by Big C,3,2,3,3,3,2,3,2,4,4,2,Boots,5,5,5,5,5,5,4,4,5,4,5,Watson,4,4,4,4,4,4,3,4,5,4,5,5,5,4,5,5,Pure by Big C,4,3,2,5,4,Boots,4,4,5,99,5,Watson,4,5,5,99,5,2,,,,1,,2,,,,,,4,,,,1,1,1,1,,,1,,,,,1,B,B,1,B,,4,4,4,3,4,4,5,4,4,4,4,4,4,5,5,5,5,5,5,4,4,5,5,4,3,4,5
72,Pure by Big C,1,,,2,,3,,,Boots,3,,,1,2,,,,Watson,,1,,,3,2,,,Pure by Big C,,1,,1,,1,,,,Boots,,1,,,1,1,,,,,,,,,,,,,,D,200,350,300,5,5,5,5,5,4,3,4,5,5,5,Pure by Big C,4,2,3,4,2,3,3,3,4,3,5,Boots,5,5,5,5,5,5,5,4,5,3,5,Watson,4,5,5,4,3,4,5,5,5,5,4,5,5,5,4,5,Pure by Big C,3,5,5,4,3,Boots,2,5,5,99,5,Watson,5,5,4,99,2,2,,,2,1,,2,,,,,,4,,,,,,,1,,1,1,,,,,4,B,B,2,B,,4,4,4,4,4,5,4,3,4,4,4,4,4,3,3,4,5,5,4,4,3,4,5,5,4,3,5
73,Boots,3,1,,2,,,,,Watson,,2,,1,,3,,,,,,,,,,,,Boots,,,1,,1,1,,,,,,,,,,,,,,,,,,,,,,,,B,250,300,,5,5,4,4,3,3,4,5,5,5,4,Boots,5,5,5,5,4,5,5,5,5,4,4,Watson,3,4,4,3,2,5,3,2,5,4,4,,,,,,,,,,,,,5,5,4,5,5,Boots,5,4,3,99,4,Watson,5,5,2,99,2,,,,,,,2,,,,,,2,,,,,,,,,,1,1,,,,,1,,,,,1,B,B,3,,,4,4,4,4,3,3,4,4,4,4,4,4,4,4,4,5,5,5,5,5,3,2,5,5,2,1,5
74,Boots,3,,,2,,1,,,Watson,,3,,2,,1,,,,,,,,,,,,Boots,,,,1,,1,1,,,,,,,,,,,,,,,,,,,,,,,B,100,100,,5,5,5,4,4,5,4,5,4,4,4,Boots,4,4,4,4,4,5,4,4,4,4,4,Watson,4,3,4,3,3,4,4,3,4,3,4,,,,,,,,,,,,,5,4,4,4,5,Boots,4,4,4,99,4,Watson,4,3,3,99,3,,,,,,,2,,,,,,2,,,,,,,,,,1,1,,1,,1,1,1,,,,6,A,A,4,,,4,4,3,4,3,4,4,4,3,4,5,4,3,4,3,5,1,5,5,1,5,5,5,5,1,1,5
75,Watson,,3,,,1,2,,,Boots,,3,,,1,2,,,,,,,,,,,,,,,,,,,,,,,,,,,,,,,,,,,,,,,,,,B,300,300,,4,5,5,4,4,5,4,4,4,4,4,Watson,3,4,4,4,4,4,4,4,4,4,4,Boots,3,4,4,3,3,4,4,4,4,4,4,,,,,,,,,,,,,5,4,4,4,4,Watson,4,4,3,99,4,Boots,4,4,3,99,3,,,,,,,2,,,,,,2,,,,,,,,,,1,1,1,1,,,,1,,,,3,B,B,4,,,3,4,4,4,4,4,3,4,4,4,4,4,3,4,4,4,4,4,4,4,3,4,4,4,4,4,4
76,P&F,1,2,3,,,,,,Watson,,3,,,1,2,,,Boots,,3,,,1,2,,,P&F,,1,1,1,,,1,,,,,,,,,,,,,,,,,,,,,,,A,300,500,500,5,5,5,5,5,5,5,5,5,5,4,P&F,5,5,5,3,3,4,4,4,4,3,3,Watson,4,5,5,4,4,4,4,4,4,4,4,Boots,4,5,5,4,4,4,4,3,3,4,4,5,5,4,4,4,P&F,4,4,3,99,4,Watson,4,4,4,99,3,Boots,4,4,3,99,3,2,,,2,,,2,,,,,,,,,,1,1,1,1,,1,,1,,,,3,A,B,5,,,4,5,4,5,5,5,5,5,5,4,5,4,5,5,4,5,5,4,5,5,4,5,5,5,4,3,3
77,Watson,1,,,,2,,,,X-Tra,1,,,,,,,,Fascino,1,,,,,,,,Watson,,,1,,,,,,,X-Tra,,,1,,,,,,,Fascino,,1,,,,,,,,D,500,100,100,4,5,5,4,4,5,4,4,4,4,4,Watson,4,4,4,4,4,4,4,4,4,4,3,X-Tra,4,3,4,3,3,5,4,4,4,2,2,Fascino,4,4,4,2,2,1,4,4,4,1,1,5,4,4,3,4,Watson,4,4,3,99,4,X-Tra,4,4,3,99,4,Fascino,4,4,3,99,3,2,,2,,,,2,2,,,,,,,,,,,1,,,1,,,,,,3,C,B,3,,,3,4,2,5,4,2,3,5,4,4,4,4,2,4,4,2,4,5,4,5,3,4,5,2,2,1,4
78,Boots,1,,,2,,3,,,Watson,,,,1,,2,,,,,,,,,,,,Boots,,1,1,,,,,,,,,,,,,,,,,,,,,,,,,,,D,500,500,,4,4,4,4,4,5,5,5,4,4,4,Boots,4,4,5,4,4,5,5,5,5,4,4,Watson,4,4,4,4,4,5,5,5,5,4,4,,,,,,,,,,,,,3,4,4,4,5,Boots,5,4,5,99,4,Watson,4,4,4,99,4,,,,,,,2,,,,,,2,,,,,,,,,,,1,1,1,,,,,,,,4,A,A,4,,,4,5,3,3,3,4,2,3,3,4,4,4,3,3,4,5,4,4,4,4,3,4,3,4,4,4,4
79,Pure by Big C,1,2,,3,,,,,Watson,1,2,,3,,,,,Boots,,,,1,,2,,,Pure by Big C,,1,,,,,,,,watson,,1,,,1,,,,1,,,,,,,,,,,D,200,300,100,3,3,3,3,3,4,5,5,4,3,3,Pure by Big C,3,4,3,3,3,4,4,3,2,3,2,Watson,3,4,3,3,3,4,3,3,4,3,4,Boots,3,4,4,3,3,4,3,3,4,3,2,5,4,3,4,5,Pure by Big C,5,5,5,5,5,Watson,4,4,4,99,3,Boots,3,3,4,99,3,2,,2,,1,,2,,,,,,4,,,,,1,,,,,,,,,,2,A,A,3,D,,1,1,1,3,5,3,2,4,4,4,3,2,2,3,3,4,5,4,3,3,4,4,4,3,3,1,2
80,Pure by Big C,,1,2,3,,,,,Boots,,1,2,3,,,,,Watson,,1,2,3,,,,,,,,,,,,,,,,,,,,,,,,,,,,,,,,,,,D,200,200,100,5,5,4,5,5,5,5,4,5,4,2,Pure by Big C,5,5,4,4,4,3,4,5,5,4,3,Boots,5,5,5,4,4,5,4,5,5,4,3,Watson,3,3,4,5,4,5,4,4,4,4,4,5,5,4,3,5,Pure by Big C,5,5,4,5,5,Boots,5,4,4,99,5,Watson,4,4,4,99,4,2,,,,1,,2,,,,,,3,,,,1,,,1,1,,,,,,,4,B,B,4,A,,2,3,4,5,4,3,4,5,5,5,5,5,3,5,5,4,4,5,4,4,5,5,4,5,3,2,1
81,Pure by Big C,2,1,,,3,,,,Watson,,,,2,1,,3,,Boots,,,,2,1,,3,,Pure by Big C,,,,1,,,1,,,,,,,,,,,,,,,,,,,,,,,D,1000,300,300,5,5,5,1,1,5,5,5,5,5,4,Pure by Big C,4,5,4,1,3,5,5,5,5,5,5,Watson,5,5,5,4,3,5,5,5,5,5,5,Boots,3,5,4,4,3,5,5,5,5,5,5,5,5,5,5,5,Pure by Big C,4,5,4,5,5,Watson,4,3,4,99,4,Boots,4,3,4,99,4,2,,,,1,,2,,,,,,4,,,,,,,1,,,,,,1,,10,B,A,2,B,,4,4,4,2,5,4,5,3,2,5,5,4,4,4,4,3,4,4,3,5,5,5,4,4,3,3,5
82,Pure by Big C,1,,2,,,3,,,Watson,1,2,3,,,,,,Boots,1,2,3,,,,,,Pure by Big C,,1,1,,,,1,,,watson,,1,1,,,,,1,,Boots,,1,1,,,,,1,,B,80,100,100,2,2,3,4,5,5,5,3,3,5,3,Pure by Big C,3,4,3,5,5,4,5,4,3,5,3,Watson,3,4,4,5,5,4,5,4,3,5,3,Boots,3,5,4,5,4,4,5,4,3,5,3,5,4,5,5,5,Pure by Big C,5,4,5,5,5,Watson,5,4,5,5,5,Boots,5,4,5,5,5,1,,2,,1,,1,,4,,,,5,,4,,1,1,1,1,,,,,,1,,3,B,B,3,B,,2,4,2,5,1,1,5,5,5,4,5,4,5,5,5,5,4,4,1,5,5,5,5,5,3,2,4
83,Pure by Big C,1,2,,,,3,,,P&F,1,2,,,3,,,,Watson,,,,2,1,3,,,Pure by Big C,,1,1,,,1,,,,P&F,,1,1,,,,,,,,,,,,,,,,,B,100,100,200,5,5,4,4,4,5,5,5,4,5,5,Pure by Big C,4,5,5,4,4,5,5,5,4,5,5,P&F,4,4,5,4,4,5,5,5,4,5,5,Watson,4,4,5,4,4,5,5,5,4,5,5,5,5,5,5,5,Pure by Big C,5,5,4,4,5,P&F,5,4,4,99,4,Watson,4,4,4,99,4,,,,2,1,,2,,,,,,4,,,,1,1,1,1,,,,,,,,3,B,B,5,A,,4,4,2,5,5,1,4,4,5,4,5,3,3,4,5,4,4,5,3,4,4,4,4,4,3,3,3
84,Pure by Big C,1,3,2,,,,,,Watson,,,2,3,1,,,,Boots,,,,2,3,1,,,Pure by Big C,,1,,1,,,1,,,,,,,,,,,,,,,,,,,,,,,B,500,500,500,5,4,4,5,5,5,5,4,4,5,4,Pure by Big C,4,5,5,4,4,5,5,4,4,4,3,Watson,3,4,5,4,4,4,4,4,4,4,4,Boots,3,4,5,4,4,4,4,4,4,4,4,5,5,5,5,5,Pure by Big C,4,4,4,4,4,Watson,4,4,3,99,4,Boots,4,3,3,99,3,2,2,,,1,,2,,,,,,4,,,,1,1,1,1,,,,1,1,,,3,A,A,4,B,,3,4,4,4,4,3,3,5,3,4,4,4,2,4,3,4,4,4,2,4,4,4,5,2,3,2,5
85,Pure by Big C,1,2,,,3,,,,Watson,,,,1,,2,3,,P&F,1,2,,,3,,,,Pure by Big C,,1,1,,,,,,,,,,,,,,,,,P&F,,1,1,1,,,,,,A,150,100,100,4,4,4,4,4,5,4,4,4,4,3,Pure by Big C,4,4,4,3,3,5,4,4,3,3,3,Watson,3,4,4,3,3,4,3,3,4,3,4,P&F,5,3,4,2,2,5,3,4,4,2,3,4,4,4,4,4,Pure by Big C,4,4,4,4,5,Watson,3,4,3,99,4,P&F,3,3,3,99,4,,,,2,1,,2,,,,,,4,,,,1,1,1,1,,,,1,,,,1,A,A,4,B,,3,4,4,5,5,4,4,5,4,4,4,4,4,5,5,5,5,5,4,4,4,4,5,5,4,4,4
86,Pure by Big C,1,2,,,,3,,,Boots,,1,,,2,3,,,Watson,,1,,3,2,,,,Pure by Big C,,1,1,,,,,,,,,,,,,,,,,,,,,,,,,,,D,300,500,500,4,4,4,3,4,4,4,4,4,3,4,Pure by Big C,4,3,4,3,3,3,4,4,4,4,4,Boots,4,4,4,4,3,3,4,4,4,4,4,Watson,4,4,4,4,3,3,4,4,4,4,4,4,4,4,4,4,Pure by Big C,4,3,4,4,4,Boots,4,4,4,99,4,Watson,4,4,4,99,4,2,,,,1,,2,,,,,,3,,,,1,,1,1,,,,,,,,4,B,B,4,B,,3,4,4,4,3,3,4,4,3,4,4,3,3,4,3,4,3,3,3,4,4,4,4,3,3,3,4
87,Pure by Big C,2,1,,,3,,,,Watson,,1,,3,2,,,,Boots,,,,2,,1,,,Pure by Big C,,1,1,,,,,,1,,,,,,,,,,,,,,,,,,,,,D,1000,1500,500,5,5,5,5,5,5,5,4,5,5,4,Pure by Big C,4,4,4,4,4,5,4,4,4,5,4,Watson,5,5,5,5,5,5,4,4,5,4,4,Boots,4,4,4,4,4,4,4,4,4,4,4,5,5,4,5,5,Pure by Big C,4,4,4,5,5,Watson,5,5,5,99,5,Boots,4,4,4,99,5,2,,,2,1,,2,,,,,,5,,,,,1,1,,,,,,,,,3,A,A,4,A,,4,4,4,4,3,3,5,5,4,5,5,5,5,4,3,3,4,4,3,3,4,4,4,4,4,3,5
88,Pure by Big C,2,1,,,,3,,,Watson,,1,,2,3,,,,Boots,,,,,3,2,1,,Pure by Big C,,,,,,,,1,,,,,,,,,,,,,,,,,,,,,,D,500,1000,600,4,5,5,4,4,5,5,5,5,5,4,Pure by Big C,4,4,3,4,4,3,5,5,5,4,4,Watson,3,5,5,4,4,5,5,5,5,5,5,Boots,3,5,5,4,4,5,5,5,5,3,5,5,5,5,5,5,Pure by Big C,4,4,5,5,5,Watson,5,5,4,5,5,Boots,4,5,4,99,5,2,,2,,1,2,1,,,,,,4,,5,,,,1,1,,,1,,,,,3,B,B,5,A,,4,5,3,5,5,4,5,5,4,5,5,5,4,5,5,5,4,4,3,4,5,5,5,4,5,5,5
89,Pure by Big C,1,2,3,,,,,,Boots,,,3,1,,2,,,Watson,,,3,1,,,2,,Pure by Big C,,1,1,,,,,,,,,,,,,,,,,,,,,,,,,,,D,500,400,400,4,4,5,4,4,4,5,5,4,4,3,Pure by Big C,4,4,4,3,3,4,4,4,4,4,4,Boots,4,4,4,3,3,4,4,3,3,4,5,Watson,3,4,4,3,3,4,4,3,3,5,5,5,4,3,3,5,Pure by Big C,4,4,4,4,4,Boots,4,3,3,99,4,Watson,2,2,2,99,3,2,,,,1,,2,,,,,,4,,,,,1,,,1,,,,,,,2,A,A,4,C,,3,3,2,5,3,4,4,5,5,4,4,5,4,4,4,3,5,5,4,5,5,5,5,4,3,3,5
90,Pure by Big C,3,1,,,,2,,,Watson,3,1,,,,2,,,Boots,2,1,,3,,,,,Pure by Big C,,1,,1,,,,,,watson,,1,,1,,,,,,Boots,,1,,1,,,,,,B,1000,1000,1000,5,5,4,5,4,5,5,5,5,5,5,Pure by Big C,5,4,4,5,5,5,5,5,4,5,4,Watson,4,4,4,4,5,5,5,5,4,4,4,Boots,3,5,5,4,4,5,4,4,3,4,3,5,5,5,5,5,Pure by Big C,5,5,5,5,5,Watson,5,5,5,5,5,Boots,5,4,5,99,4,2,,,,1,,1,,,,,,4,,5,,,1,1,1,,1,,,,,,2,C,B,4,B,,4,4,2,4,5,2,3,3,4,5,5,2,3,4,3,4,4,4,2,2,4,3,2,3,2,2,3
91,Pure by Big C,1,,2,,3,,,,Watson,,3,,,1,2,,,Fascino,,1,,,,,,,Pure by Big C,1,,1,,,,,,,,,,,,,,,,,,,,,,,,,,,D,150,200,80,5,4,4,4,5,5,5,5,4,4,3,Pure by Big C,4,4,4,4,3,4,4,4,4,3,4,Watson,5,3,3,3,3,4,3,3,4,3,3,Fascino,4,3,1,1,1,1,1,1,1,1,1,5,5,4,4,4,Pure by Big C,4,4,4,4,4,Watson,3,4,4,99,4,Fascino,3,2,2,99,3,2,,2,,1,,2,,,,,,5,,,,,1,1,,,,1,,1,,,9,B,B,3,A,,4,3,4,3,2,1,4,4,4,3,3,4,3,4,3,4,4,4,2,3,4,3,3,4,2,2,3
92,Pure by Big C,1,2,3,,,,,,Watson,2,3,,,,1,,,Boots,3,2,,,,1,,,Pure by Big C,,1,1,1,,,1,,,watson,,1,1,1,,,1,,,Boots,,1,1,1,,,1,,,D,400,400,200,3,4,4,5,5,5,5,5,5,5,5,Pure by Big C,4,4,4,4,4,4,4,4,4,3,2,Watson,4,4,4,4,4,4,4,4,4,4,4,Boots,3,4,4,4,4,4,4,3,4,3,3,5,5,5,5,5,Pure by Big C,4,4,4,4,3,Watson,4,4,4,99,3,Boots,4,4,3,99,3,2,,,,1,,2,,,,,,4,,,,1,,1,,,,,,,1,,10,B,A,4,B,,3,4,5,5,5,3,4,5,5,5,4,3,4,5,3,5,4,5,3,5,4,5,5,5,4,3,5
93,Pure by Big C,1,2,3,,,,,,Watson,,,,1,2,3,,,,,,,,,,,,Pure by Big C,1,1,1,,,,,,,,,,,,,,,,,,,,,,,,,,,B,200,200,,5,5,4,4,3,5,5,5,3,5,3,Pure by Big C,5,5,3,5,5,4,5,5,5,5,3,Watson,4,4,4,4,4,5,5,5,4,4,5,,,,,,,,,,,,,5,5,5,5,5,Pure by Big C,4,5,4,3,5,Watson,4,4,3,99,4,,,,,,,,,,,1,,2,,,,,,4,,,,,,1,1,,,,,,,,3,B,B,4,A,,5,5,5,4,5,2,5,5,5,4,2,5,3,5,4,3,5,2,5,2,4,5,4,5,5,3,5
94,Pure by Big C,1,2,,,3,,,,Fascino,1,2,,,3,,,,Boots,,3,,1,,2,,,Pure by Big C,,,1,,,,1,,,Fascino,,,1,,,1,,,,,,,,,,,,,,B,400,200,160,4,4,5,4,4,4,5,5,4,5,3,Pure by Big C,4,3,4,3,4,3,4,4,3,4,3,Fascino,3,2,2,2,3,3,4,4,3,2,3,Boots,2,2,2,2,3,3,4,4,3,2,3,4,3,3,4,3,Pure by Big C,4,3,3,4,3,Fascino,3,3,3,99,3,Boots,3,3,2,99,3,2,,2,,1,,,,,,,,3,,,,1,,,1,,,1,,,,,4,B,A,3,B,,2,2,2,3,3,3,4,4,4,4,4,4,3,4,3,4,4,4,4,4,4,3,3,3,3,2,4
95,Watson,,2,,1,,,,,Boots,2,3,,1,,,,,P&F,1,,,,,,,,,,,,,,,,,,Boots,,,,,,,1,,,P&F,1,,,,,,,,,D,200,100,100,4,4,3,3,4,4,4,5,4,4,2,Watson,4,4,5,3,4,3,4,4,5,5,5,Boots,4,4,5,3,4,3,4,4,5,5,5,P&F,4,3,4,5,3,3,5,5,5,4,4,5,4,4,2,4,Watson,4,5,4,99,4,Boots,4,5,4,99,4,P&F,5,5,5,99,5,2,,,2,,,2,,,,,,,,,,,1,,1,,,,,,,,2,A,A,3,,,4,4,4,5,4,4,4,4,4,5,3,4,3,4,4,4,4,4,4,4,4,4,4,3,3,3,3
96,Watson,,,,,1,,,,,,,,,,,,,,,,,,,,,,,,,,,,,,,,,,,,,,,,,,,,,,,,,,,,D,300,,,5,4,4,4,5,5,5,5,5,4,4,Watson,4,4,4,4,4,4,4,4,4,4,3,,,,,,,,,,,,,,,,,,,,,,,,,5,5,4,3,5,Watson,4,4,3,99,4,,,,,,,,,,,,,,,,,,,2,,,,,,,,,,1,,1,1,1,,1,,,,,4,B,B,4,,,3,3,2,1,4,1,4,4,5,4,3,4,3,3,2,4,4,4,4,4,3,4,4,5,3,4,4
97,Pure by Big C,1,,,,,,,,Watson,,,,,1,,,,,,,,,,,,,Pure by Big C,,1,,1,,1,1,,,,,,,,,,,,,,,,,,,,,,,D,300,400,,5,4,4,4,4,5,5,5,5,4,3,Pure by Big C,5,4,3,4,4,4,4,4,4,3,3,Watson,3,3,4,4,4,4,3,4,4,4,3,,,,,,,,,,,,,5,4,4,3,5,Pure by Big C,4,4,3,99,4,Watson,4,4,3,99,4,,,,,,,,,,,2,,2,,,,,,,,,,1,,1,1,1,,1,,,,,4,B,B,4,,,2,4,2,4,4,4,4,4,3,4,5,3,4,4,4,4,4,4,3,4,4,4,5,4,4,4,5
98,Watson,,2,3,1,,,,,Boots,,3,,1,2,,,,P&F,1,,,,,,,,,,,,,,,,,,,,,,,,,,,,P&F,,1,1,1,,,1,,,D,500,500,100,3,3,3,3,3,3,4,5,4,5,5,Watson,4,4,4,4,4,4,4,4,4,4,4,Boots,4,4,4,3,3,3,4,4,4,4,4,P&F,5,4,4,5,4,4,4,4,5,3,2,4,4,3,4,4,Watson,4,5,4,99,4,Boots,4,5,3,99,5,P&F,5,5,5,99,5,2,,,2,,,2,,,,,,,,,,,1,1,,,,,,1,,,2,B,B,3,,,4,4,2,5,4,3,4,5,4,5,4,4,3,5,4,3,4,4,3,4,5,4,4,4,3,3,4
99,Pure by Big C,3,1,,,,2,,,Boots,,,,1,2,3,,,Watson,,,,1,,2,3,,Pure by Big C,,1,,,,,,,,,,,,,,,,,,,,,,,,,,,,D,350,200,100,4,4,5,4,5,3,5,4,5,5,4,Pure by Big C,4,4,4,4,4,4,5,4,4,4,3,Boots,4,3,4,5,4,5,4,3,3,5,5,Watson,3,5,5,5,4,5,4,5,4,5,5,5,4,3,4,4,Pure by Big C,4,3,4,4,4,Boots,4,5,3,99,3,Watson,5,4,4,99,3,2,,,,1,,2,,,,,,4,,,,,1,1,1,,,1,1,,,,4,B,A,4,B,,4,4,2,5,4,3,4,5,4,5,4,4,3,5,4,3,4,4,3,4,5,4,4,5,3,3,4
100,Pure by Big C,1,,,,2,,3,,Watson,,,,1,,2,3,,Boots,,,,1,2,3,,,Pure by Big C,,1,,,,,,,,,,,,,,,,,,,,,,,,,,,,D,1000,500,200,3,5,4,3,4,3,5,4,5,4,4,Pure by Big C,4,4,4,3,4,4,4,4,4,4,4,Watson,5,5,5,3,4,4,4,4,4,5,5,Boots,4,3,4,3,3,3,4,3,4,5,5,4,4,3,4,4,Pure by Big C,5,4,5,4,4,Watson,4,3,4,99,3,Boots,4,3,4,99,4,2,,,,1,,2,,,,,,4,,,,,1,1,1,,,1,1,,,,4,A,A,4,B,,4,4,2,5,4,3,4,4,5,4,4,4,3,5,4,3,4,4,3,4,4,4,4,4,3,3,4
101,Pure by Big C,1,3,2,,,,,,Watson,1,,,2,3,,,,Boots,,3,,1,,,2,,Pure by Big C,1,,,,,,,,,watson,,1,,,,,,,,,,,,,,,,,,D,500,300,100,4,5,4,3,4,4,4,5,4,4,5,Pure by Big C,4,4,4,4,5,4,4,5,4,4,3,Watson,5,5,5,5,5,4,4,5,5,5,5,Boots,4,5,4,5,4,4,3,4,4,5,5,4,4,5,4,5,Pure by Big C,4,4,5,5,3,Watson,5,4,5,99,4,Boots,3,5,4,99,4,2,,,,1,,2,,,,,,4,,,,1,1,1,1,,,1,1,,,,4,B,A,5,B,,4,4,2,5,5,3,4,5,4,5,4,4,3,4,5,3,4,4,3,4,5,4,5,4,3,3,4
102,Pure by Big C,1,,,,,,,,Watson,3,,,2,,1,,,Boots,1,,,2,,,,,Pure by Big C,,,,,,,,,1,watson,,1,,,,,,,,Boots,,1,,,,,,,,A,20,150,150,5,4,3,3,3,5,5,4,5,4,1,Pure by Big C,4,4,3,4,4,5,5,4,4,5,5,Watson,4,3,4,3,3,5,3,4,5,4,5,Boots,4,3,3,3,3,3,4,4,4,4,4,4,2,2,4,5,Pure by Big C,4,4,3,3,5,Watson,3,3,3,99,3,Boots,3,3,3,99,4,2,,,2,1,,2,,,,,,5,,,,1,1,,1,,,,,,,,2,C,B,5,A,,3,4,1,5,5,2,3,5,4,4,3,4,4,5,3,3,4,4,3,3,3,4,3,4,2,2,4
103,Pure by Big C,1,,,,,,,,Watson,,,,2,1,,,,,,,,,,,,,Pure by Big C,,,,,,,,,1,,,,,,,,,,,,,,,,,,,,,D,28,500,,5,4,3,5,4,5,3,5,4,4,3,Pure by Big C,4,4,4,5,4,4,4,4,4,5,4,Watson,3,4,4,3,4,4,3,3,4,5,4,,,,,,,,,,,,,5,4,4,4,5,Pure by Big C,3,4,3,4,4,Watson,3,3,3,4,3,,,,,,,,,,,1,,1,,,,,,5,,4,,1,1,,1,,,,,1,,,4,B,B,3,C,,3,2,5,5,4,5,1,4,3,3,4,4,3,3,4,4,4,4,5,4,3,4,4,5,3,1,1
104,Pure by Big C,1,,,,,2,,,P&F,1,,,,,2,,,Watson,,,3,1,,2,,,Pure by Big C,1,1,1,1,,,,,,P&F,1,1,1,1,1,1,1,,,,,,,,,,,,,D,50,100,200,5,4,4,5,4,5,5,5,5,5,2,Pure by Big C,4,4,4,5,4,4,5,5,5,5,4,P&F,4,4,4,5,5,4,5,5,5,4,4,Watson,5,5,4,4,5,5,5,5,5,4,5,5,5,4,4,5,Pure by Big C,5,5,4,5,5,P&F,5,5,4,99,5,Watson,5,5,4,99,5,2,,,2,1,,2,,,,,,5,,,,1,1,,1,,,1,,,,,2,B,A,1,B,,3,5,5,5,5,5,5,5,5,5,5,5,4,5,5,4,5,5,4,5,5,5,5,5,5,5,4
105,Pure by Big C,1,2,,,,,,,Watson,,2,,1,,,,,,,,,,,,,,Pure by Big C,,1,1,,,,,,,,,,,,,,,,,,,,,,,,,,,A,100,150,,5,4,3,3,3,5,5,5,4,3,3,Pure by Big C,4,5,2,4,3,4,5,5,5,4,3,Watson,2,5,5,4,3,4,3,3,4,5,4,,,,,,,,,,,,,4,4,3,4,4,Pure by Big C,5,4,4,4,5,Watson,3,3,3,99,4,,,,,,,,,,,1,,2,,,,,,3,,,,1,1,1,1,,,1,1,1,,,4,A,A,1,D,,1,5,1,5,5,1,5,5,4,3,3,4,1,3,5,4,1,3,3,4,1,4,5,5,3,1,1
106,Pure by Big C,1,,,,,,,,Watson,,,,1,2,,,,,,,,,,,,,Pure by Big C,,,,,,,,,1,,,,,,,,,,,,,,,,,,,,,A,20,300,,5,4,4,4,3,5,5,4,5,4,3,Pure by Big C,5,5,3,5,4,5,5,5,5,4,5,Watson,5,4,4,5,5,5,5,5,4,5,5,,,,,,,,,,,,,3,3,2,2,5,Pure by Big C,5,5,5,5,5,Watson,5,4,5,99,4,,,,,,,,,,,1,,2,,,,,,5,,,,,1,,1,,1,1,,1,,,7,C,A,3,A,,1,2,4,4,4,4,5,4,4,5,5,4,5,4,4,4,3,4,3,4,4,4,4,5,4,5,4
107,Pure by Big C,,,,1,3,2,,,Watson,,,,,,2,,1,,,,,,,,,,,,,,,,,,,,,,,,,,,,,,,,,,,,,,,,D,100,400,,3,3,3,3,3,3,5,4,4,4,3,Pure by Big C,4,4,4,4,4,4,4,4,4,4,4,Watson,4,5,5,4,4,4,4,4,4,4,4,,,,,,,,,,,,,4,5,4,4,4,Pure by Big C,5,4,4,4,4,Watson,5,4,4,99,4,,,,,,,,,,,1,,2,,,,,,4,,,,,1,,,,,,,1,,,2,A,B,3,A,,2,4,4,4,4,1,4,4,5,4,4,5,4,4,4,4,4,4,2,2,4,3,4,4,4,2,4
108,Pure by Big C,,1,,,,,,,,,,,,,,,,,,,,,,,,,,,,,,,,,,,,,,,,,,,,,,,,,,,,,,,D,1000,,,3,3,3,3,3,3,5,4,4,4,3,Pure by Big C,5,4,4,5,4,4,5,5,5,4,4,,,,,,,,,,,,,,,,,,,,,,,,,4,4,3,4,4,Pure by Big C,5,5,4,4,4,,,,,,,,,,,,,,,,,1,,,,,,,,4,,,,,1,,1,,,1,,1,,,4,B,A,4,B,,4,4,2,5,4,3,4,5,4,5,4,4,3,5,4,3,4,4,3,4,5,4,4,4,3,3,4
109,Pure by Big C,1,2,,,,,,,Watson,,,,1,2,,,,,,,,,,,,,Pure by Big C,,1,1,,,,1,,,,,,,,,,,,,,,,,,,,,,,D,80,150,,5,4,4,4,3,4,4,4,4,4,2,Pure by Big C,4,4,4,5,4,4,4,4,4,5,3,Watson,4,4,5,4,4,4,4,3,3,4,4,,,,,,,,,,,,,5,4,3,3,5,Pure by Big C,4,5,3,4,5,Watson,4,3,2,99,3,,,,,,,,,,,1,,2,,,,,,4,,,,,,1,1,,,,,,,,4,B,B,3,C,,5,3,3,4,3,2,3,4,4,3,3,4,4,5,4,3,3,4,2,3,3,3,5,5,4,3,4
110,Pure by Big C,1,,,,,,,,P&F,1,,,,,,,,Watson,1,,,2,,,,,Pure by Big C,,1,1,,,,,,,P&F,,1,1,,,,,,,Watson,,1,,,,,,,,D,50,50,40,5,4,3,4,3,4,5,5,5,4,3,Pure by Big C,5,5,5,5,3,5,5,5,5,5,3,P&F,5,5,5,5,3,5,5,5,5,4,3,Watson,4,5,5,5,3,5,5,4,4,5,5,5,4,3,3,5,Pure by Big C,5,5,5,5,5,P&F,4,4,4,99,5,Watson,4,4,4,99,5,,,,2,1,,2,,,,,,5,,,,,,1,1,,,,,,,,3,B,A,3,D,,1,1,1,3,1,1,5,5,3,5,4,1,1,1,3,3,1,5,3,4,3,3,1,5,1,5,5
111,Pure by Big C,2,3,,,,1,,,Watson,,,,2,1,,,,Boots,,,,2,1,,,,Pure by Big C,1,1,1,1,,1,1,,,,,,,,,,,,,,,,,,,,,,,D,500,100,100,5,3,3,4,3,4,4,4,5,3,1,Pure by Big C,5,5,5,5,4,5,5,5,5,5,1,Watson,2,5,5,4,4,5,3,4,4,4,3,Boots,2,5,5,3,4,2,3,3,4,4,1,5,4,3,4,5,Pure by Big C,4,5,4,4,5,Watson,4,4,3,4,4,Boots,4,4,3,99,3,2,,,,1,,1,,,,,,5,,1,,1,1,1,1,,,1,1,1,,,1,C,B,5,A,,5,5,1,3,5,1,5,5,5,5,5,5,5,5,5,5,1,1,5,5,5,5,5,4,5,5,5
112,Pure by Big C,1,2,,,,,3,,Watson,,,,1,2,3,,,,,,,,,,,,Pure by Big C,,1,1,1,1,1,1,,,,,,,,,,,,,,,,,,,,,,,B,280,300,,5,4,4,4,3,4,4,4,4,4,4,Pure by Big C,4,2,3,3,3,3,5,5,5,4,4,Watson,1,1,3,4,3,2,3,2,3,2,3,,,,,,,,,,,,,5,4,4,3,4,Pure by Big C,5,5,5,5,5,Watson,4,3,4,99,2,,,,,,,,,,,1,,2,,,,,,5,,,,,1,,1,,,,1,1,,,8,C,B,4,A,,2,4,4,5,1,1,3,5,5,5,3,3,4,5,3,3,4,5,3,3,4,5,5,5,3,1,5
113,Pure by Big C,1,,,3,,2,,,Watson,3,,1,,2,,,,Boots,1,,,,2,3,,,Pure by Big C,,1,,,,,,,,watson,,,,,,,1,,,Boots,,1,,,,,,,,B,600,400,200,5,5,3,4,3,5,5,4,4,4,2,Pure by Big C,5,4,4,3,3,4,5,5,4,4,3,Watson,4,5,5,4,4,5,4,3,4,5,5,Boots,4,3,4,4,4,4,4,3,3,4,4,4,5,4,4,5,Pure by Big C,4,5,4,5,4,Watson,4,5,5,99,3,Boots,3,3,4,99,4,2,,,,1,,2,,,,,,5,,,,,1,1,1,,1,1,1,,,,4,B,A,5,B,,4,4,2,5,4,3,4,5,4,5,4,4,3,4,5,3,4,5,3,4,5,4,5,4,4,3,4
114,Pure by Big C,1,2,,,3,,,,Boots,,1,,2,,,,,Watson,1,,,,,,,,Pure by Big C,,1,1,1,,,1,,,,,,,,,,,,,Watson,,1,,,,,,,,D,500,1500,200,5,5,3,3,3,5,5,4,4,4,4,Pure by Big C,4,4,3,4,4,4,5,5,4,4,4,Boots,4,5,5,3,3,3,3,3,4,4,4,Watson,4,3,3,3,3,3,3,3,4,4,4,4,4,5,4,4,Pure by Big C,5,5,4,4,4,Boots,4,4,4,99,4,Watson,4,4,3,99,4,2,,,,1,,2,,,,,,5,,,,,1,1,,,,,1,1,,,2,B,B,3,A,,4,4,2,5,4,3,4,5,4,4,5,4,3,5,4,3,4,4,3,4,4,5,5,4,4,3,4
115,Pure by Big C,,,,1,2,3,,,Watson,1,2,3,,,,,,P&F,,1,,2,3,,,,,,,,,,,,,,watson,,1,,,,,,,,,,,,,,,,,,D,200,300,100,4,5,4,4,5,4,4,5,4,5,4,Pure by Big C,4,4,4,5,4,5,4,5,5,4,4,Watson,4,5,5,4,4,4,4,4,4,4,4,P&F,4,4,4,4,4,4,4,4,4,4,4,5,4,5,4,5,Pure by Big C,5,4,4,5,5,Watson,5,5,4,99,5,P&F,5,4,4,99,4,,,,2,1,,2,,,,,,5,,,,1,,,1,,,1,,1,,,4,A,A,3,B,,2,4,3,4,3,3,2,4,4,3,3,2,3,3,3,3,4,4,2,3,2,3,3,4,3,4,3
116,Pure by Big C,1,2,,,3,,,,Watson,,,,1,3,2,,,Boots,,1,,2,,3,,,Pure by Big C,,1,,,,,,,,,,,,,,,,,,,,,,,,,,,,D,800,700,800,4,4,4,5,4,5,4,5,4,4,5,Pure by Big C,4,4,4,4,4,5,4,4,3,4,4,Watson,3,4,4,3,4,4,4,3,3,4,4,Boots,4,4,4,3,3,4,4,4,3,4,3,4,5,4,5,4,Pure by Big C,4,4,4,5,4,Watson,4,4,4,4,3,Boots,4,4,4,99,4,2,2,2,2,1,2,1,,,,,,4,,4,,,1,,1,,,1,,,,,4,B,B,4,B,,4,3,2,4,4,3,3,4,3,1,3,3,4,4,4,5,3,4,4,4,4,4,4,4,3,2,5
117,Pure by Big C,1,,,,2,3,,,Watson,,,,2,3,1,,,,,,,,,,,,Pure by Big C,1,1,,1,,,,,,,,,,,,,,,,,,,,,,,,,,D,300,500,,4,4,5,4,4,3,4,4,4,4,4,Pure by Big C,5,5,4,5,4,3,5,5,5,5,4,Watson,3,3,3,4,5,5,4,4,3,4,5,,,,,,,,,,,,,4,4,5,5,4,Pure by Big C,5,5,5,5,5,Watson,3,3,4,99,4,,,,,,,,,,,1,,2,,,,,,5,,,,1,,1,,,1,,,,,,6,B,B,1,C,,3,5,1,4,4,5,5,4,5,2,5,5,4,3,5,5,4,5,5,4,5,5,4,3,4,5,2
118,Pure by Big C,1,3,2,,,,,,Watson,,,,2,1,3,,,Save Drug,1,,,2,,3,,,Pure by Big C,,1,1,1,,,1,,,,,,,,,,,,,Save Drug,,1,1,,,,,,,D,400,500,150,5,4,4,5,4,5,4,5,4,4,5,Pure by Big C,4,4,4,4,4,4,4,4,4,3,3,Watson,3,2,4,3,3,2,4,4,4,4,4,Save Drug,3,2,2,3,3,3,4,4,4,3,3,4,5,4,5,4,Pure by Big C,4,4,4,4,4,Watson,4,4,3,99,3,Save Drug,3,3,3,99,3,,,,,1,2,2,,,,,,5,,,,,1,1,1,,,1,,,,,3,A,B,2,B,,3,4,2,4,3,2,4,4,3,4,4,4,3,4,3,3,3,4,3,3,3,3,3,4,4,3,3
119,Pure by Big C,1,,2,,,3,,,Boots,,,,1,2,,3,,X-Tra,,,,1,2,,3,,Pure by Big C,1,,,,,,,,,,,,,,,,,,,,,,,,,,,,,B,800,400,200,3,3,3,3,3,3,5,4,4,5,4,Pure by Big C,5,5,5,4,4,4,4,4,4,4,2,Boots,4,4,5,4,4,4,4,4,4,4,4,X-Tra,4,4,4,4,4,4,4,4,4,4,4,5,4,4,4,5,Pure by Big C,4,4,4,5,5,Boots,4,5,4,99,5,X-Tra,4,4,4,99,5,2,,,,1,,,2,,,,,5,,,,,1,1,1,,1,1,1,,,,4,B,A,4,B,,4,5,2,5,4,3,4,5,4,5,4,4,3,5,4,3,4,4,3,4,5,4,4,5,3,3,4
120,Pure by Big C,1,2,3,,,,,,P&F,1,,,,,,,,Boots,,,,,1,2,,,Pure by Big C,,1,,1,,,,,,P&F,,1,,1,,,,,,,,,,,,,,,,B,200,300,200,5,5,4,5,5,5,5,5,5,4,4,Pure by Big C,5,5,3,3,4,4,2,4,4,3,4,P&F,5,5,3,5,4,4,5,4,4,5,4,Boots,4,5,5,3,4,3,5,4,3,4,4,5,5,4,4,5,Pure by Big C,4,4,3,4,3,P&F,5,4,5,99,5,Boots,3,5,3,99,4,2,,,2,1,2,2,,,,,,4,,,,1,1,,1,,,,,,1,,10,B,B,3,B,,3,3,4,5,5,3,5,5,4,3,5,5,4,3,5,5,5,5,4,3,3,3,4,3,4,4,5
121,Pure by Big C,3,2,,,1,,,,Watson,,,3,2,1,,,,,,,,,,,,,Pure by Big C,,1,1,,,,,,,,,,,,,,,,,,,,,,,,,,,C,1000,300,,5,5,5,5,5,5,5,5,5,5,5,Pure by Big C,4,4,4,4,4,4,4,4,4,4,3,Watson,4,4,5,4,4,5,4,4,4,5,5,,,,,,,,,,,,,5,5,5,5,5,Pure by Big C,4,4,4,4,4,Watson,4,5,4,99,4,,,,,,,,,,,1,,2,,,,,,4,,,,1,,1,1,,,,,,1,,4,A,A,4,C,,4,4,4,5,4,3,4,4,4,5,4,4,3,4,4,4,4,4,4,4,4,5,4,4,4,3,3
122,Pure by Big C,1,2,,,,,,,Watson,,,,1,,2,,,,,,,,,,,,Pure by Big C,,1,1,,,,1,,,,,,,,,,,,,,,,,,,,,,,D,200,200,,5,5,5,4,4,4,3,3,4,5,4,Pure by Big C,5,5,4,4,4,4,5,5,4,4,5,Watson,5,4,4,5,4,5,4,4,5,4,4,,,,,,,,,,,,,4,4,4,4,4,Pure by Big C,5,4,4,5,5,Watson,5,4,4,99,4,,,,,,,,,,,1,,2,,,,,,4,,,,1,,,1,,,,1,,,,8,B,A,3,D,,4,3,3,4,4,2,4,3,4,3,4,3,4,3,4,3,4,3,4,3,4,3,4,3,4,3,4
123,Pure by Big C,,1,,,2,3,,,Watson,,1,,,2,3,,,Boots,,2,,3,,1,,,,,,,,,,,,,,,,,,,,,,,,,,,,,,,,,D,700,500,400,4,4,5,4,5,5,5,5,5,4,5,Pure by Big C,5,5,5,5,5,5,5,5,5,5,5,Watson,5,5,5,5,5,5,5,5,5,5,5,Boots,4,4,4,4,4,4,3,4,4,3,2,5,5,5,5,5,Pure by Big C,5,5,5,5,5,Watson,5,5,5,5,4,Boots,5,5,5,99,4,2,,,,1,,1,,,,,,4,,4,,,1,,1,,,1,1,,,,2,B,B,3,A,,5,5,5,5,5,4,5,5,5,4,4,5,4,4,4,4,4,4,3,5,4,4,4,4,4,4,4
124,Pure by Big C,2,1,,,,,,,Save Drug,1,,,,,,,,Boots,,,,1,,2,3,,Pure by Big C,,,1,1,,,,,,Save Drug,,1,,,,1,,,,,,,,,,,,,,A,1400,500,1200,5,5,5,5,5,5,5,5,5,5,5,Pure by Big C,4,4,4,3,3,3,4,4,4,3,2,Save Drug,4,4,4,4,2,3,3,3,4,3,2,Boots,3,3,4,4,4,3,3,3,4,3,4,5,4,4,4,4,Pure by Big C,4,4,4,4,4,Save Drug,3,3,3,99,3,Boots,4,4,3,99,3,2,,,,1,2,1,,,,,,4,,3,,,1,,1,,1,,,,,,4,B,A,3,B,,3,2,3,5,4,3,4,5,4,4,4,4,3,4,4,4,4,3,3,4,3,4,4,3,4,3,4
125,Pure by Big C,1,,,,,2,,,Watson,,,,1,,2,,,,,,,,,,,,Pure by Big C,,1,1,,,,,,,,,,,,,,,,,,,,,,,,,,,A,100,300,,5,5,5,5,5,5,5,5,5,5,4,Pure by Big C,5,5,5,4,4,4,5,5,5,4,4,Watson,3,5,5,4,4,4,5,5,5,4,4,,,,,,,,,,,,,5,5,5,5,5,Pure by Big C,5,5,5,5,5,Watson,5,5,4,99,4,,,,,,,,,,,1,,2,,,,,,4,,,,1,,1,1,,,,,,,,4,B,B,4,C,,4,5,3,4,2,2,4,4,4,4,4,4,4,4,2,4,3,4,2,4,4,4,4,4,4,4,5
126,Pure by Big C,3,2,,,,1,,,Watson,,,,3,,1,2,,Boots,,,,3,,1,2,,Pure by Big C,,1,1,1,,,,,,,,,,,,,,,,,,,,,,,,,,D,1400,500,500,5,4,4,5,5,4,4,4,4,5,4,Pure by Big C,5,5,4,4,4,4,5,5,4,4,4,Watson,3,5,5,4,4,4,4,4,4,4,4,Boots,3,5,5,4,4,4,4,4,4,4,4,5,4,4,5,5,Pure by Big C,5,4,4,5,5,Watson,5,4,4,99,5,Boots,5,4,4,99,5,2,,,,1,,2,,,,,,4,,,,,1,,1,,,1,1,,,,2,A,A,4,B,,4,4,2,3,4,2,5,5,5,5,5,2,3,4,2,2,5,5,3,3,4,4,5,4,3,1,5
127,Pure by Big C,2,3,,,,1,,,Watson,,2,,3,,1,,,X-Tra,1,2,3,,,,,,Pure by Big C,,1,,1,,,,,,,,,,,,,,,,X-Tra,,1,,1,,,,,,D,190,200,130,5,5,5,4,4,5,5,5,5,5,5,Pure by Big C,5,5,5,5,5,4,5,5,5,5,5,Watson,4,5,5,5,5,4,4,5,5,5,5,X-Tra,5,5,5,4,4,4,5,5,5,4,4,5,5,5,5,5,Pure by Big C,5,5,5,5,5,Watson,5,5,5,99,4,X-Tra,4,4,4,99,4,,,,,1,,2,2,,,,,4,,,,,1,1,,,,,,,,,3,A,A,3,A,,5,5,2,5,5,3,5,5,5,5,5,5,5,5,3,5,5,5,3,4,5,4,5,5,3,3,4
128,Pure by Big C,1,,,,,,,,Boots,1,,,,,2,,,Watson,,,,,,,1,,Pure by Big C,1,,,,,,,,,Boots,,,,1,,,,,,,,,,,,,,,,D,300,200,200,4,4,5,4,3,3,3,4,3,3,3,Pure by Big C,4,4,3,3,3,4,3,3,3,3,3,Boots,3,4,4,3,3,4,3,3,3,4,3,Watson,3,4,4,3,3,4,3,3,3,4,3,4,3,3,3,3,Pure by Big C,4,3,3,3,3,Boots,4,3,3,99,3,Watson,4,3,3,99,3,2,2,,,1,,2,,,,,,2,,,,,,,,,,1,,,,,7,A,B,3,A,,4,4,3,3,3,3,4,4,4,3,4,3,4,4,4,4,3,4,4,5,4,5,4,4,5,4,5
129,Pure by Big C,1,,,3,2,,,,Watson,3,,,1,2,,,,X-Tra,1,,,2,,,3,,Pure by Big C,,1,1,,1,,,,,watson,,,,,1,,1,,,X-Tra,,1,,,,,,1,,A,200,500,300,4,5,5,4,3,5,5,5,5,3,3,Pure by Big C,5,3,3,3,3,5,5,5,5,3,3,Watson,5,5,5,3,3,5,5,5,5,3,3,X-Tra,5,5,5,3,3,3,5,5,5,5,3,4,5,4,5,3,Pure by Big C,4,4,4,5,5,Watson,4,5,4,99,5,X-Tra,5,5,4,3,3,,,,,1,,2,1,,,,,4,,,4,,1,,1,,,1,1,1,,,7,C,B,1,D,,3,4,3,5,5,3,3,5,3,3,3,5,5,5,3,3,3,3,3,3,3,4,3,3,3,3,3
130,Pure by Big C,1,3,2,,,,,,Watson,,,2,3,,1,,,Boots,,,2,3,,1,,,Pure by Big C,,1,1,,1,1,1,,,,,,,,,,,,,,,,,,,,,,,A,150,200,100,5,4,4,4,4,5,5,4,4,4,4,Pure by Big C,4,4,4,4,4,4,4,4,4,4,3,Watson,4,4,4,4,4,4,4,4,4,4,3,Boots,4,4,4,4,4,4,4,4,4,4,3,4,4,4,4,5,Pure by Big C,4,4,4,4,4,Watson,4,4,4,4,4,Boots,4,4,4,99,4,2,2,,,1,,1,,,,,,4,,4,,,1,1,1,,,,,,,,3,B,A,4,C,,3,4,4,4,4,4,4,5,4,4,5,4,3,4,4,5,4,4,4,4,4,4,4,4,4,4,4
131,Pure by Big C,2,1,3,,,,,,Watson,1,2,3,,,,,,X-Tra,1,2,3,,,,,,Pure by Big C,1,,,,,,,,,watson,,,,,,1,,,,X-Tra,,,,,,1,,,,A,500,200,200,5,5,5,4,4,5,5,5,4,5,5,Pure by Big C,5,5,4,4,4,5,5,5,4,5,4,Watson,3,3,3,2,2,3,3,3,2,3,3,X-Tra,4,4,4,3,3,4,4,4,3,3,4,5,5,5,5,5,Pure by Big C,5,5,5,5,5,Watson,3,3,3,99,3,X-Tra,3,4,4,99,4,2,,,,1,,2,2,,,,,5,,,,,,1,1,,,1,,1,,,9,B,A,3,B,,5,4,2,5,5,2,5,5,4,4,3,5,3,5,5,4,4,4,4,5,4,4,4,3,3,3,4
132,Pure by Big C,,,,,,1,,,Boots,,,,,1,,,,Watson,,1,,,,,,,,,,,,,,,,,,,,,,,,,,,,,,,,,,,,,D,100,500,500,4,4,4,4,5,5,5,5,4,4,4,Pure by Big C,4,4,4,4,5,4,4,4,5,4,4,Boots,4,4,4,3,3,5,4,3,5,4,4,Watson,4,4,4,4,4,4,4,3,4,4,4,5,5,3,4,5,Pure by Big C,4,5,4,5,5,Boots,3,4,4,99,5,Watson,3,4,4,99,4,2,,,,1,,2,,,,,,4,,,,,1,,1,,,1,1,,,,8,B,B,3,D,,3,3,4,4,2,4,3,4,3,4,3,4,3,5,3,5,4,3,4,5,5,4,4,4,5,4,5
133,Pure by Big C,1,3,,,,2,,,Watson,1,2,,,,3,,,Boots,1,2,,,,3,,,Pure by Big C,,1,1,1,,,,,,watson,,1,1,1,,,,,,Boots,,1,1,1,,,,,,D,200,200,100,5,5,5,5,5,5,5,5,5,5,4,Pure by Big C,5,5,5,5,5,5,5,5,5,5,5,Watson,5,5,5,4,5,5,5,5,5,5,5,Boots,5,5,5,3,5,3,5,5,5,5,5,5,5,5,5,5,Pure by Big C,5,5,5,5,5,Watson,5,5,4,5,5,Boots,4,5,4,5,5,1,,,,1,,1,,4,,,,5,,4,,,1,,1,,,1,,,,,4,A,B,4,A,,4,3,3,4,4,3,3,4,4,4,3,3,4,3,4,4,4,4,4,4,5,3,4,4,3,2,5
134,Watson,,,,1,2,3,,,Boots,,,,1,2,3,,,,,,,,,,,,,,,,,,,,,,,,,,,,,,,,,,,,,,,,,,D,400,400,,5,5,5,5,5,4,5,5,4,5,4,Watson,4,5,4,4,4,5,5,5,4,5,4,Boots,4,5,5,5,4,5,5,5,4,5,4,,,,,,,,,,,,,5,5,5,5,5,Watson,5,5,5,99,5,Boots,4,5,5,99,5,,,,,,,2,,,,,,2,,,,,,,,,,,,,1,,,1,,,,,4,B,B,3,,,3,4,3,5,4,3,4,5,4,4,3,4,3,5,5,4,3,5,3,3,4,4,5,4,4,2,3
135,Boots,2,,,3,,1,,,Watson,3,,,1,,2,,,,,,,,,,,,Boots,1,,,,,,1,,,watson,1,,,,,,,,,,,,,,,,,,,D,250,550,,5,5,5,5,5,5,5,5,5,5,5,Boots,4,5,5,4,4,5,5,5,5,5,4,Watson,5,5,5,5,5,5,5,5,4,5,4,,,,,,,,,,,,,5,5,5,5,5,Boots,4,4,4,99,4,Watson,5,4,5,99,5,,,,,,,2,,,,,,2,,,,,,,,,,,,,,,,1,,1,,,9,A,A,5,,,5,4,5,5,5,4,5,5,5,5,4,5,5,5,5,4,5,5,4,5,5,5,5,5,4,4,5
136,Watson,1,,,,2,3,,,Boots,2,,,3,,1,,,Pure by Big C,1,2,,,,,,,Watson,,,,,,,1,,,Boots,,1,,,,,,,,Pure by Big C,,1,,,,,,,,D,300,300,100,4,5,5,4,4,5,5,5,5,5,5,Watson,5,5,5,4,5,5,5,5,4,5,5,Boots,5,5,5,4,5,5,5,5,5,5,5,Pure by Big C,5,5,5,3,4,5,5,5,5,5,4,5,5,5,5,5,Watson,4,4,4,99,5,Boots,5,4,3,99,5,Pure by Big C,5,5,4,99,5,2,,,,2,,2,,,,,,,,,,,,,1,,,1,,,1,,10,C,B,1,,,2,4,4,4,4,3,3,4,4,4,4,4,3,4,4,3,4,4,4,4,4,4,4,4,4,3,4
137,Watson,2,3,,,1,,,,Boots,3,,,,1,2,,,,,,,,,,,,Watson,,,1,,,,1,,,Boots,,,1,,,,,,,,,,,,,,,,,A,300,200,,5,5,4,5,5,5,5,5,4,5,5,Watson,3,4,3,2,2,4,3,4,3,3,3,Boots,3,4,3,2,2,4,2,3,2,3,3,,,,,,,,,,,,,5,5,5,5,5,Watson,4,4,3,99,4,Boots,4,4,3,99,3,,,,,,,2,,,,,,2,,,,,,,,,,1,1,1,1,,,,,1,,,1,B,A,3,,,4,4,3,4,4,1,4,4,4,3,3,4,4,4,4,3,4,4,4,4,4,5,5,5,3,3,4
138,Boots,,,,1,2,3,,,Watson,,,3,,2,1,,,,,,,,,,,,,,,,,,,,,,,,,,,,,,,,,,,,,,,,,,A,1000,1500,,5,5,5,5,5,5,5,5,5,5,4,Boots,4,3,4,5,5,5,5,5,5,4,5,Watson,5,4,5,5,5,5,5,5,5,5,5,,,,,,,,,,,,,5,5,5,5,5,Boots,4,5,5,99,5,Watson,5,5,5,99,5,,,,,,,2,,,,,,2,,,,,,,,,,1,1,1,1,,,,1,,,,1,B,B,4,,,3,4,5,5,1,1,3,5,4,5,4,5,4,5,4,3,4,5,3,4,3,5,5,5,4,1,1
139,Watson,,,,1,2,,3,,Pure by Big C,1,,,,,,,,,,,,,,,,,,,,,,,,,,,Pure by Big C,,,,,,,,,1,,,,,,,,,,,A,300,200,,5,5,4,5,5,5,5,5,5,5,4,Watson,4,4,4,5,5,5,5,5,4,5,4,Pure by Big C,4,4,4,4,4,4,4,4,4,4,5,,,,,,,,,,,,,5,5,5,5,5,Watson,5,5,5,99,4,Pure by Big C,4,4,4,99,4,,,,,,,,,,,2,,2,,,,,,,,,,1,,1,1,,,,,1,,,4,A,A,5,,,4,4,1,5,1,1,4,5,1,5,5,5,5,5,1,5,5,5,1,5,5,5,5,5,1,1,1
140,Watson,,,,1,2,3,,,,,,,,,,,,,,,,,,,,,,,,,,,,,,,,,,,,,,,,,,,,,,,,,,,D,300,,,4,5,5,4,4,4,5,5,5,4,4,Watson,4,5,4,4,5,5,4,4,5,4,4,,,,,,,,,,,,,,,,,,,,,,,,,4,5,5,4,4,Watson,4,4,4,99,4,,,,,,,,,,,,,,,,,,,2,,,,,,,,,,,,1,1,1,,1,1,1,,,4,C,B,3,,,3,2,3,4,3,1,3,4,4,4,3,3,3,4,2,3,3,3,3,3,3,3,3,3,3,3,4
141,Watson,,,,1,3,2,,,,,,,,,,,,,,,,,,,,,,,,,,,,,,,,,,,,,,,,,,,,,,,,,,,B,300,,,5,5,3,5,5,5,5,5,4,4,3,Watson,4,4,4,3,4,4,4,4,4,4,3,,,,,,,,,,,,,,,,,,,,,,,,,4,5,3,4,4,Watson,4,4,4,99,4,,,,,,,,,,,,,,,,,,,2,,,,,,,,,,1,1,1,1,,,,,,,,2,B,A,3,,,4,3,4,4,3,3,4,5,4,4,4,3,3,4,4,3,4,3,3,4,4,4,4,4,3,1,5
142,Watson,3,,,,2,1,,,,,,,,,,,,,,,,,,,,,Watson,,1,1,1,,,,,,,,,,,,,,,,,,,,,,,,,,D,150,,,5,4,5,5,4,5,4,4,4,4,4,Watson,3,4,4,4,4,4,3,3,4,4,3,,,,,,,,,,,,,,,,,,,,,,,,,4,4,5,4,4,Watson,4,4,4,99,4,,,,,,,,,,,,,,,,,,,2,,,,,,,,,,,,,1,,1,,1,,,,6,C,B,4,,,3,4,5,4,4,4,5,4,4,4,3,4,4,4,4,3,4,5,4,4,5,4,4,4,5,4,3
143,Watson,1,,,,,,,,,,,,,,,,,,,,,,,,,,Watson,,1,,,,,,,,,,,,,,,,,,,,,,,,,,,,D,100,,,5,4,5,5,5,5,5,4,4,4,4,Watson,4,4,5,4,5,5,4,4,4,4,4,,,,,,,,,,,,,,,,,,,,,,,,,4,4,5,4,4,Watson,4,4,5,99,5,,,,,,,,,,,,,,,,,,,2,,,,,,,,,,,1,1,1,,,1,1,,,,3,B,A,4,,,3,4,4,5,4,5,4,4,4,5,5,4,4,5,4,4,5,5,4,4,5,5,4,4,4,5,4
144,Watson,1,2,,,3,,,,,,,,,,,,,,,,,,,,,,Watson,,1,1,1,,,,,,,,,,,,,,,,,,,,,,,,,,A,300,,,5,5,5,5,5,4,4,5,5,5,4,Watson,3,4,4,4,4,4,4,4,4,4,4,,,,,,,,,,,,,,,,,,,,,,,,,4,4,5,4,4,Watson,4,4,3,3,4,,,,,,,,,,,,,,,,,,,1,,,,,,,,4,,1,,1,1,,,1,1,,,,3,B,A,4,,,5,4,2,3,3,3,4,4,3,3,4,4,4,5,2,4,3,4,3,4,4,3,4,5,2,2,3
145,Watson,1,2,,3,,,,,,,,,,,,,,,,,,,,,,,Watson,,1,,1,,,,,1,,,,,,,,,,,,,,,,,,,,,D,200,,,4,5,4,4,5,5,5,5,4,4,4,Watson,4,4,3,2,2,4,4,5,4,4,4,,,,,,,,,,,,,,,,,,,,,,,,,4,5,4,5,4,Watson,4,4,3,3,3,,,,,,,,,,,,,,,,,,,1,,,,,,,,4,,,,1,1,,1,,1,,,,6,C,B,3,,,1,3,1,5,1,3,5,5,4,5,4,5,3,1,4,5,2,5,1,5,1,3,4,3,2,1,5
146,Watson,,,,,1,2,,,,,,,,,,,,,,,,,,,,,,,,,,,,,,,,,,,,,,,,,,,,,,,,,,,D,200,,,4,5,4,4,4,5,5,4,5,4,4,Watson,4,4,5,4,4,4,4,5,4,4,4,,,,,,,,,,,,,,,,,,,,,,,,,4,5,4,4,4,Watson,4,5,4,4,4,,,,,,,,,,,,,,,,,,,1,,,,,,,,4,,,1,,1,,1,1,,1,,,4,B,B,4,,,5,5,2,5,5,5,3,4,4,3,5,5,5,5,3,4,4,5,3,3,5,5,5,5,5,2,5
147,Other,1,,,,,,,,,,,,,,,,,,,,,,,,,,Other,,1,1,,,,1,,,,,,,,,,,,,,,,,,,,,,,D,100,,,4,5,5,4,4,4,5,4,4,4,4,Other,4,5,5,4,4,4,4,4,3,4,3,,,,,,,,,,,,,,,,,,,,,,,,,4,5,5,4,4,Other,4,3,4,99,3,,,,,,,,,,,,,,,,,,,,,,,,,,,,,,,,1,,1,1,,1,,,6,C,B,3,,,4,3,4,4,5,4,4,4,4,4,5,5,5,4,5,5,5,5,5,4,5,5,5,4,3,5,5
148,Other,1,,,,,,,,,,,,,,,,,,,,,,,,,,Other,,1,1,,,,,,,,,,,,,,,,,,,,,,,,,,,D,100,,,4,5,4,4,4,5,5,4,4,4,4,Other,4,5,4,4,5,4,4,4,3,3,2,,,,,,,,,,,,,,,,,,,,,,,,,5,5,4,4,4,Other,4,4,3,99,4,,,,,,,,,,,,,,,,,,,,,,,,,,,,,,,,1,,,1,,1,,,4,C,B,4,,,2,3,4,5,2,1,2,4,4,2,3,3,2,4,2,4,3,4,3,3,4,3,4,4,3,3,3
149,Watson,,,,1,2,3,,,Boots,,,,1,2,3,,,,,,,,,,,,,,,,,,,,,,,,,,,,,,,,,,,,,,,,,,D,200,200,,4,5,4,4,4,5,5,4,4,4,4,Watson,4,4,5,3,5,5,5,5,4,5,4,Boots,4,4,5,3,4,4,4,4,4,4,4,,,,,,,,,,,,,4,4,4,5,4,Watson,5,5,4,99,4,Boots,5,4,4,99,4,,,,,,,2,,,,,,2,,,,,,,,,,,,,1,,,1,,1,,,7,B,B,4,,,4,5,2,3,4,3,2,5,4,5,5,2,3,5,2,2,4,5,3,3,4,5,5,5,1,1,5
150,Watson,1,,,,3,2,,,,,,,,,,,,,,,,,,,,,Watson,,1,1,,,,,,1,,,,,,,,,,,,,,,,,,,,,D,200,,,4,5,5,4,4,4,5,4,4,5,5,Watson,4,4,4,3,4,4,4,3,4,4,4,,,,,,,,,,,,,,,,,,,,,,,,,4,4,4,4,5,Watson,5,4,4,99,4,,,,,,,,,,,,,,,,,,,2,,,,,,,,,,,1,,1,,,1,,1,,,2,C,B,4,,,5,4,2,4,5,2,5,2,5,5,5,3,3,5,5,5,3,4,3,4,5,4,5,3,5,3,5
151,Watson,,,,,1,2,,,,,,,,,,,,,,,,,,,,,,,,,,,,,,,,,,,,,,,,,,,,,,,,,,,D,500,,,4,5,5,4,5,4,5,5,5,4,4,Watson,4,5,5,5,4,5,3,4,5,3,3,,,,,,,,,,,,,,,,,,,,,,,,,4,5,3,4,3,Watson,4,4,4,99,4,,,,,,,,,,,,,,,,,,,2,,,,,,,,,,,,,1,,,1,,1,,,4,A,B,3,,,2,1,5,4,4,2,3,5,5,4,5,4,2,5,1,3,5,5,4,5,3,5,4,4,2,1,4
152,Watson,,,,,3,1,2,,Boots,1,2,3,,,,,,P&F,1,,,,,,,,,,,,,,,,,,Boots,,1,1,1,,,,,,P&F,,1,,,,,,,,D,1000,150,100,4,4,5,5,4,4,4,5,4,5,4,Watson,4,4,5,4,4,4,5,4,4,4,4,Boots,4,4,4,4,4,4,4,3,4,4,4,P&F,3,3,4,3,4,4,4,3,4,4,4,4,5,4,4,5,Watson,4,4,4,99,3,Boots,3,3,3,99,3,P&F,3,3,3,99,3,2,,,2,,,2,,,,,,,,,,,,1,1,,1,1,,1,,,4,B,B,3,,,4,4,5,4,3,3,4,5,4,4,4,5,4,4,4,4,3,3,4,4,5,4,4,3,4,4,4
153,Watson,,,,2,1,3,,,Boots,,,,2,1,3,,,,,,,,,,,,,,,,,,,,,,,,,,,,,,,,,,,,,,,,,,D,300,300,,4,5,4,4,5,5,4,4,4,5,4,Watson,4,4,4,4,4,3,4,4,4,4,4,Boots,4,4,4,3,4,3,3,3,4,4,3,,,,,,,,,,,,,4,4,5,4,5,Watson,4,4,4,99,4,Boots,3,4,4,99,4,,,,,,,2,,,,,,2,,,,,,,,,,,,1,1,,,1,,1,,,7,B,B,3,,,1,3,4,5,5,3,3,5,4,1,3,3,2,2,4,4,4,5,3,4,3,3,4,4,2,2,2
154,Pure by Big C,3,,,,2,1,,,Boots,3,,,,2,1,,,,,,,,,,,,Pure by Big C,,1,1,,,,,,1,Boots,,1,1,,,,,,1,,,,,,,,,,,C,45,260,,5,5,5,5,5,4,4,5,5,5,5,Pure by Big C,3,4,3,3,3,5,5,5,5,5,4,Boots,3,3,3,3,3,3,4,4,5,4,4,,,,,,,,,,,,,5,5,5,5,5,Pure by Big C,5,5,5,5,5,Boots,4,4,3,99,5,,,,,,,2,,,,1,,,,,,,,4,,,,1,,,1,,,,,,,,4,B,B,4,B,,4,5,4,5,1,2,4,5,5,4,4,4,4,4,4,5,5,4,4,4,3,4,4,5,3,1,2
155,Pure by Big C,1,2,3,,,,,,,,,,,,,,,,,,,,,,,,Pure by Big C,,1,1,1,,,,,,,,,,,,,,,,,,,,,,,,,,D,200,,,4,4,4,4,5,4,4,5,5,4,4,Pure by Big C,5,5,4,5,4,5,5,5,5,5,5,,,,,,,,,,,,,,,,,,,,,,,,,5,5,5,5,5,Pure by Big C,5,5,5,5,5,,,,,,,,,,,,,,,,,1,,,,,,,,5,,,,,,1,1,,,1,,,,,3,B,B,4,C,,4,4,5,5,5,3,4,5,4,3,4,5,4,4,3,4,4,5,3,4,4,3,5,4,3,4,4
156,Pure by Big C,1,3,2,,,,,,,,,,,,,,,,,,,,,,,,Pure by Big C,,1,1,,,,1,,,,,,,,,,,,,,,,,,,,,,,D,300,,,5,5,5,4,5,5,5,5,5,5,4,Pure by Big C,4,4,4,3,4,5,5,5,5,5,5,,,,,,,,,,,,,,,,,,,,,,,,,4,4,5,5,5,Pure by Big C,5,5,5,5,5,,,,,,,,,,,,,,,,,1,,,,,,,,5,,,,1,,1,1,,1,1,1,,,,3,B,B,4,B,,4,5,4,4,2,3,5,5,5,5,5,5,2,4,5,3,3,3,2,4,4,4,4,4,4,2,4
157,Pure by Big C,1,,,,,,,,Watson,,,,3,1,2,,,,,,,,,,,,Pure by Big C,,1,1,,,,,,,,,,,,,,,,,,,,,,,,,,,D,50,300,,5,4,5,4,4,4,5,5,4,4,4,Pure by Big C,4,5,4,4,4,5,4,4,4,4,3,Watson,3,4,5,4,5,5,4,4,4,4,4,,,,,,,,,,,,,4,4,5,4,5,Pure by Big C,4,4,3,5,4,Watson,4,3,4,99,4,,,,,,,,,,,1,,2,,,,,,3,,,,,,1,1,,1,1,1,,,,6,B,A,3,C,,4,5,3,5,4,3,4,5,5,4,5,4,4,5,4,4,3,4,5,4,3,4,5,4,3,4,4
158,Pure by Big C,1,2,3,,,,,,,,,,,,,,,,,,,,,,,,Pure by Big C,1,1,1,,,,,,,,,,,,,,,,,,,,,,,,,,,B,200,,,4,4,4,4,4,4,4,3,4,4,4,Pure by Big C,4,3,3,4,3,5,4,4,4,4,3,,,,,,,,,,,,,,,,,,,,,,,,,4,4,4,4,4,Pure by Big C,5,5,4,4,4,,,,,,,,,,,,,,,,,1,,,,,,,,3,,,,,,1,1,,1,1,,1,,,6,B,A,4,C,,4,3,3,5,5,2,3,5,5,5,3,2,4,4,5,3,4,4,3,5,4,4,4,4,3,4,4
159,Pure by Big C,1,2,,,3,,,,Watson,,,,3,1,2,,,Boots,1,2,3,,,,,,Pure by Big C,,,1,,1,,1,,,,,,,,,,,,,Boots,,,1,1,1,,1,,,B,500,500,500,5,5,4,5,4,4,5,5,5,5,5,Pure by Big C,5,3,3,4,4,5,5,5,4,4,4,Watson,3,5,5,5,5,3,3,3,5,5,5,Boots,5,5,5,5,5,5,4,4,4,4,4,4,4,4,4,4,Pure by Big C,5,4,5,5,5,Watson,3,4,4,99,4,Boots,3,5,3,99,3,2,,,,1,,2,,,,,,3,,,,1,1,1,1,1,1,,1,,,,6,A,A,4,D,,3,4,2,5,4,1,5,4,5,5,4,3,2,4,4,3,4,5,4,4,5,4,4,5,4,4,3
160,Pure by Big C,3,1,,2,,,,,Watson,,,,1,2,3,,,P&F,,,,1,2,3,,,Pure by Big C,1,1,,,,,1,,,,,,,,,,,,,,,,,,,,,,,D,400,300,300,5,5,5,5,5,5,4,5,4,4,4,Pure by Big C,5,5,5,5,5,5,5,5,5,4,5,Watson,4,4,5,5,4,5,5,4,4,4,5,P&F,5,5,5,5,4,5,5,4,4,4,4,5,4,5,4,4,Pure by Big C,5,4,5,4,4,Watson,4,4,4,99,4,P&F,4,3,4,99,3,,,,2,1,,2,,,,,,5,,,,,1,1,1,,,1,1,,,,3,A,A,4,B,,5,2,5,5,4,4,5,5,3,4,5,4,2,2,2,3,4,4,5,4,4,4,5,4,3,3,4
161,Pure by Big C,2,1,3,,,,,,Watson,,,,1,2,3,,,,,,,,,,,,Pure by Big C,,1,1,1,,,,,,,,,,,,,,,,,,,,,,,,,,D,150,200,,4,4,5,4,4,4,5,4,4,4,5,Pure by Big C,5,4,4,4,5,5,5,5,5,4,3,Watson,4,5,5,4,4,5,3,3,4,4,4,,,,,,,,,,,,,5,4,4,4,4,Pure by Big C,5,4,4,5,4,Watson,4,5,4,99,4,,,,,,,,,,,1,,2,,,,,,4,,,,1,,1,1,,,1,1,,,,8,B,A,4,C,,4,5,4,5,4,4,4,5,5,5,5,4,4,5,4,3,4,3,4,5,4,4,4,4,5,3,4
162,Pure by Big C,2,1,,,,3,,,Watson,,2,,,3,1,,,,,,,,,,,,Pure by Big C,1,1,,,1,,,,,,,,,,,,,,,,,,,,,,,,,D,200,1200,,4,4,4,5,5,5,4,4,4,5,3,Pure by Big C,4,4,3,4,4,5,5,4,4,4,3,Watson,4,5,5,4,4,5,5,4,4,4,4,,,,,,,,,,,,,5,4,4,4,4,Pure by Big C,5,4,4,5,5,Watson,4,4,4,99,4,,,,,,,,,,,1,,2,,,,,,4,,,,,,,1,,1,,1,,,,6,B,B,4,B,,5,5,1,5,5,5,5,5,4,2,2,4,5,5,5,3,4,4,3,3,4,4,3,4,4,3,2
163,Pure by Big C,1,2,3,,,,,,Watson,,,,3,1,2,,,,,,,,,,,,Pure by Big C,1,1,,,,1,,,,,,,,,,,,,,,,,,,,,,,,D,100,300,,4,4,4,5,5,5,4,4,4,5,3,Pure by Big C,4,4,4,4,4,4,4,4,4,4,3,Watson,4,4,5,4,4,4,4,4,4,5,4,,,,,,,,,,,,,5,4,4,4,4,Pure by Big C,5,4,5,4,4,Watson,4,4,4,99,4,,,,,,,,,,,1,,2,,,,,,4,,,,,,,1,,1,,1,,,,6,A,A,3,C,,3,5,4,5,4,5,5,5,5,5,4,5,5,5,5,4,5,4,4,5,4,4,4,4,3,2,3
164,Pure by Big C,1,2,3,,,,,,Watson,,,,3,2,1,,,,,,,,,,,,Pure by Big C,1,1,,,,,1,,,,,,,,,,,,,,,,,,,,,,,D,300,600,,5,5,5,5,5,5,5,5,5,5,5,Pure by Big C,5,5,5,4,5,5,5,5,5,4,5,Watson,4,3,3,3,4,4,4,4,3,3,2,,,,,,,,,,,,,5,5,5,5,5,Pure by Big C,5,5,5,4,5,Watson,4,3,4,3,5,,,,,,,,,,,1,,1,,,,,,5,,5,,,,1,1,,1,1,,,,,3,B,B,3,A,,5,4,5,5,4,5,5,3,4,5,5,4,3,5,4,5,4,5,4,3,5,5,4,5,4,5,3
165,Pure by Big C,1,,,,2,3,,,Watson,,3,,2,1,,,,,,,,,,,,,Pure by Big C,1,1,,,,,1,,,,,,,,,,,,,,,,,,,,,,,D,200,1000,,5,5,5,5,5,5,5,4,4,5,4,Pure by Big C,5,4,4,5,5,5,5,5,4,5,4,Watson,4,5,5,3,4,4,3,5,4,5,5,,,,,,,,,,,,,5,5,5,5,5,Pure by Big C,5,5,5,5,5,Watson,2,4,5,99,5,,,,,,,,,,,1,,2,,,,,,5,,,,,,,1,,1,1,1,,,,7,B,B,4,B,,2,5,5,4,4,3,5,5,4,5,5,4,4,5,3,5,5,4,3,4,3,4,4,3,5,2,2
166,Pure by Big C,3,1,,,,2,,,Watson,3,2,,,,1,,,,,,,,,,,,Pure by Big C,,1,1,,,,,,1,watson,,1,1,,,,,,1,,,,,,,,,,,D,400,200,,4,4,4,4,5,5,5,5,5,5,3,Pure by Big C,4,4,4,3,4,5,5,5,4,4,4,Watson,2,4,4,3,5,5,4,5,4,4,4,,,,,,,,,,,,,5,5,5,5,5,Pure by Big C,5,5,4,4,5,Watson,5,5,4,4,5,,,,,,,,,,,1,,1,,,,,,5,,5,,1,,1,1,,1,,1,,,,6,B,A,3,B,,4,4,4,4,5,5,4,4,5,4,2,4,4,5,5,3,4,4,2,4,3,4,4,4,4,2,4
167,Pure by Big C,1,,3,,,2,,,Watson,,,3,2,,,,1,,,,,,,,,,Pure by Big C,1,1,1,,,1,,,,,,,,,,,,,,,,,,,,,,,,D,120,50,,5,5,5,5,5,5,5,5,5,5,5,Pure by Big C,5,4,4,5,5,5,5,5,5,5,5,Watson,5,5,5,4,4,5,5,5,5,5,5,,,,,,,,,,,,,5,5,5,5,5,Pure by Big C,5,5,5,5,5,Watson,5,5,5,99,5,,,,,,,,,,,1,,2,,,,,,4,,,,1,,1,1,,,1,,,,,3,A,B,4,C,,3,4,5,3,4,3,5,5,4,3,4,3,4,3,4,3,4,4,4,3,3,4,5,5,4,4,3
168,Pure by Big C,1,3,,,,,2,,Watson,,,,1,2,3,,,,,,,,,,,,Pure by Big C,,1,1,,,1,,,,,,,,,,,,,,,,,,,,,,,,D,200,100,,4,5,4,5,5,5,4,4,4,5,3,Pure by Big C,5,4,4,4,4,5,5,5,5,5,4,Watson,3,4,5,4,3,5,5,4,4,4,5,,,,,,,,,,,,,4,4,4,4,4,Pure by Big C,5,4,4,4,4,Watson,3,3,3,99,4,,,,,,,,,,,1,,2,,,,,,4,,,,,,,1,,1,,1,,,,6,B,B,4,C,,3,3,4,5,5,2,4,5,4,4,4,3,3,3,5,3,4,4,5,5,4,4,3,5,4,3,3
169,Pure by Big C,1,2,3,,,,,,Watson,,,,3,1,2,,,,,,,,,,,,Pure by Big C,,1,1,,,,,,1,,,,,,,,,,,,,,,,,,,,,D,300,150,,5,5,5,5,4,5,5,4,4,5,4,Pure by Big C,5,5,5,4,5,5,5,5,5,4,4,Watson,4,4,4,4,4,5,4,5,4,4,4,,,,,,,,,,,,,4,5,5,4,4,Pure by Big C,5,5,5,5,5,Watson,4,4,4,4,4,,,,,,,,,,,1,,1,,,,,,4,,4,,1,1,,1,,,1,1,,,,4,A,A,4,D,,1,2,2,1,3,3,3,1,2,3,3,2,2,3,3,2,1,3,3,2,2,3,3,2,2,2,2
170,Pure by Big C,1,2,,,,3,,,Watson,3,,,,1,2,,,,,,,,,,,,Pure by Big C,1,,1,1,,,,,,watson,1,,1,1,,,,,,,,,,,,,,,,D,800,800,,5,5,5,5,5,5,5,5,5,5,5,Pure by Big C,5,4,4,4,4,5,5,5,4,5,3,Watson,4,5,5,4,4,5,3,3,5,4,4,,,,,,,,,,,,,5,5,5,3,5,Pure by Big C,5,5,5,5,5,Watson,3,4,3,99,4,,,,,,,,,,,1,,2,,,,,,4,,,,1,1,1,1,,1,1,1,1,,,4,A,A,3,C,,2,4,4,5,4,3,3,4,4,4,3,3,3,3,3,4,3,3,3,3,3,3,2,4,3,4,3
171,Pure by Big C,1,2,3,,,,,,Boots,,2,,,3,1,,,,,,,,,,,,Pure by Big C,1,1,1,,,,,,,,,,,,,,,,,,,,,,,,,,,D,100,1000,,5,5,5,5,5,5,4,4,4,5,4,Pure by Big C,3,4,4,4,4,5,4,4,5,5,3,Boots,5,4,4,4,4,5,4,4,5,5,4,,,,,,,,,,,,,4,4,5,4,4,Pure by Big C,4,4,4,5,4,Boots,5,5,4,4,4,,,,,,,1,,,,1,,,,5,,,,4,,,,,,,,,1,1,1,,,,8,B,A,4,B,,5,5,5,5,5,4,5,3,5,4,5,5,3,3,5,3,5,4,3,3,3,4,4,4,4,3,1
172,Pure by Big C,1,,,,,,,2,Watson,,,,1,2,3,,,Boots,,,,1,2,3,,,Pure by Big C,,1,,1,,,1,,,,,,,,,,,,,,,,,,,,,,,D,200,500,500,4,5,5,4,4,4,5,4,4,5,4,Pure by Big C,4,4,4,3,3,4,5,4,4,4,3,Watson,4,4,4,4,4,3,4,4,4,4,4,Boots,4,4,4,3,3,2,3,3,4,4,3,4,5,5,4,4,Pure by Big C,4,4,3,4,4,Watson,4,4,4,99,4,Boots,4,4,3,99,4,2,,,,1,,2,,,,,,5,,,,1,1,,1,,1,,1,1,1,,10,A,B,4,A,,5,4,3,4,5,2,5,2,5,5,5,1,3,4,4,5,3,4,3,4,5,4,5,3,5,1,5
173,Pure by Big C,1,,,,2,3,,,,,,,,,,,,,,,,,,,,,Pure by Big C,,1,1,,,,1,,,,,,,,,,,,,,,,,,,,,,,D,200,,,5,5,5,5,5,5,4,4,5,5,5,Pure by Big C,4,4,4,3,3,4,4,4,4,4,4,,,,,,,,,,,,,,,,,,,,,,,,,4,4,5,4,5,Pure by Big C,4,3,4,4,3,,,,,,,,,,,,,,,,,1,,,,,,,,4,,,,,,1,1,,,1,,,,,3,B,B,4,C,,5,5,3,5,4,4,5,5,5,5,4,4,3,3,5,4,4,4,3,4,4,4,5,5,4,2,4
174,Pure by Big C,2,1,,,,3,,,Watson,,2,,,3,1,,,,,,,,,,,,Pure by Big C,,,1,,,,,,,,,,,,,,,,,,,,,,,,,,,D,1500,1000,,4,5,5,4,5,5,5,4,4,4,4,Pure by Big C,4,4,3,3,3,4,4,4,5,4,4,Watson,4,5,3,4,4,3,4,4,4,5,5,,,,,,,,,,,,,4,4,3,4,4,Pure by Big C,3,3,3,4,4,Watson,4,4,3,99,4,,,,,,,,,,,1,,2,,,,,,5,,,,,1,1,1,,,1,1,,,,4,B,B,3,B,,4,4,3,4,4,3,4,4,5,4,5,3,4,4,3,4,4,5,3,4,4,4,3,4,3,3,3
175,Pure by Big C,1,,,,,2,3,,Watson,,,,1,3,2,,,,,,,,,,,,Pure by Big C,,1,1,1,,,,,,,,,,,,,,,,,,,,,,,,,,D,500,300,,5,5,3,5,5,5,5,5,4,4,3,Pure by Big C,4,4,4,3,2,4,4,4,4,4,3,Watson,4,5,5,4,4,2,4,4,4,5,4,,,,,,,,,,,,,4,5,3,4,4,Pure by Big C,4,4,3,4,4,Watson,3,4,3,99,4,,,,,,,,,,,1,,2,,,,,,5,,,,1,1,1,1,,,,,,,,2,B,A,3,B,,2,4,1,4,3,4,4,4,4,4,4,3,3,4,4,3,4,3,3,4,4,4,4,4,3,1,5
176,Pure by Big C,1,,,,,,,,,,,,,,,,,,,,,,,,,,Pure by Big C,1,1,1,,,,,,,,,,,,,,,,,,,,,,,,,,,D,200,,,4,5,5,4,4,4,5,4,4,4,4,Pure by Big C,3,3,4,2,2,4,4,3,4,3,3,,,,,,,,,,,,,,,,,,,,,,,,,4,5,5,4,4,Pure by Big C,4,3,3,4,3,,,,,,,,,,,,,,,,,1,,,,,,,,4,,,,,,,1,1,1,,,,,,4,B,B,3,D,,4,3,4,4,5,4,3,4,3,4,4,5,4,5,4,4,5,5,4,4,3,4,4,4,3,3,4
177,Pure by Big C,1,3,2,,,,,,Watson,,,1,2,3,,,,Boots,,,2,3,1,,,,Pure by Big C,1,1,1,,,,,,,,,,,,,,,,,,,,,,,,,,,D,500,300,300,5,5,5,5,5,5,5,5,5,5,5,Pure by Big C,4,4,4,3,4,5,5,5,5,4,4,Watson,5,5,5,5,5,4,5,5,5,5,5,Boots,4,4,5,5,5,4,5,5,5,5,5,5,5,5,5,5,Pure by Big C,5,5,5,4,4,Watson,4,4,4,99,4,Boots,4,4,4,99,4,2,,,,1,,2,,,,,,4,,,,,,,1,,,1,,1,,,9,B,B,2,B,,4,5,3,5,5,2,5,4,4,2,4,4,2,4,4,3,4,5,4,4,5,4,4,3,4,4,4
178,Pure by Big C,1,,,,,,,,,,,,,,,,,,,,,,,,,,Pure by Big C,1,1,1,,,,,,,,,,,,,,,,,,,,,,,,,,,D,100,,,5,4,4,5,5,4,4,4,4,5,4,Pure by Big C,3,3,3,3,3,4,4,4,4,4,3,,,,,,,,,,,,,,,,,,,,,,,,,5,5,4,4,4,Pure by Big C,4,4,4,3,4,,,,,,,,,,,,,,,,,1,,,,,,,,4,,,,,,1,,,1,,1,,,,6,B,A,4,D,,3,3,4,4,5,3,3,5,4,4,4,3,4,4,3,3,4,4,4,4,4,5,4,5,3,4,4
179,Pure by Big C,1,,,,,,,,,,,,,,,,,,,,,,,,,,Pure by Big C,,1,1,1,,,,,,,,,,,,,,,,,,,,,,,,,,D,70,,,5,4,4,5,4,5,5,4,4,4,4,Pure by Big C,4,4,4,4,2,4,4,4,5,3,3,,,,,,,,,,,,,,,,,,,,,,,,,4,4,5,4,4,Pure by Big C,5,5,4,3,4,,,,,,,,,,,,,,,,,1,,,,,,,,4,,,,,,1,1,,,1,1,,,,7,B,A,3,D,,3,4,2,5,5,4,3,4,5,3,4,4,5,5,4,3,4,4,3,4,4,3,4,4,3,3,4
180,Pure by Big C,2,,,,,1,,,,,,,,,,,,,,,,,,,,,Pure by Big C,1,1,1,,,,,,,,,,,,,,,,,,,,,,,,,,,D,2000,,,4,4,3,4,3,3,5,5,4,4,4,Pure by Big C,4,4,4,3,3,4,4,4,4,4,4,,,,,,,,,,,,,,,,,,,,,,,,,4,4,3,4,4,Pure by Big C,4,4,3,3,4,,,,,,,,,,,,,,,,,1,,,,,,,,4,,,,1,,,1,,1,,,,,,4,D,B,3,B,,5,5,2,5,5,4,5,4,4,2,3,5,4,5,5,3,5,5,5,5,4,5,5,5,5,5,3
181,Pure by Big C,2,,,3,,1,,,Watson,,,,1,3,2,,,,,,,,,,,,Pure by Big C,,1,,,,,,,,,,,,,,,,,,,,,,,,,,,,A,1000,500,,4,5,5,3,3,4,5,5,4,4,3,Pure by Big C,4,4,4,3,3,4,4,4,4,4,3,Watson,4,4,3,4,4,3,3,4,4,4,4,,,,,,,,,,,,,4,5,4,4,4,Pure by Big C,4,4,4,5,4,Watson,4,4,4,5,4,,,,,,,,,,,1,,1,,,,,,4,,4,,1,1,,1,,1,,,1,,,2,A,A,4,A,,4,4,5,4,5,4,4,3,4,4,4,4,4,4,4,3,4,3,4,3,4,4,4,4,4,4,4
182,Pure by Big C,1,,,,,,,,Watson,,,,1,2,,,,Boots,,,,1,2,,,,Pure by Big C,,1,,,,,,,,,,,,,,,,,,,,,,,,,,,,D,50,800,300,5,5,4,5,5,5,5,5,4,5,4,Pure by Big C,4,3,4,3,3,4,3,5,4,4,3,Watson,3,4,4,3,5,5,4,4,4,4,3,Boots,3,4,4,3,4,5,4,4,4,4,3,5,5,4,5,5,Pure by Big C,4,4,3,4,4,Watson,5,5,4,99,4,Boots,4,4,4,99,4,2,,,,1,,2,,,,,,5,,,,1,1,1,1,,,1,1,1,,,4,B,B,4,A,,2,2,2,4,4,2,4,4,4,2,3,4,3,3,4,4,3,4,3,4,4,4,4,5,4,3,3
183,Pure by Big C,1,,,,,,,,Watson,,,,1,2,,,,Boots,,,,1,2,,,,Pure by Big C,,1,,,,,,,1,,,,,,,,,,,,,,,,,,,,,D,70,500,400,5,4,5,5,5,5,5,4,5,5,5,Pure by Big C,5,4,4,5,4,4,4,4,4,4,4,Watson,4,4,4,4,4,4,4,4,5,5,4,Boots,4,4,4,4,4,4,4,4,4,4,4,5,5,5,5,5,Pure by Big C,4,5,5,5,4,Watson,5,5,5,99,4,Boots,4,4,4,99,4,2,,,,1,,2,,,,,,5,,,,1,,1,1,,,1,,,,,4,B,B,4,B,,3,3,4,4,3,3,4,4,4,3,4,4,3,3,4,3,3,3,4,4,3,4,5,4,3,3,4
184,Pure by Big C,1,,,,,,,,Watson,1,,,2,,,,,,,,,,,,,,Pure by Big C,,,,,,,1,,,watson,,1,,,,,,,,,,,,,,,,,,D,100,200,,5,4,5,5,5,5,5,5,4,5,4,Pure by Big C,4,4,4,4,4,4,4,4,4,4,3,Watson,4,4,4,4,4,4,4,4,4,4,3,,,,,,,,,,,,,5,5,5,5,5,Pure by Big C,5,5,5,5,5,Watson,5,5,5,5,5,,,,,,,,,,,1,,1,,,,,,4,,4,,1,1,1,1,,,,,,,,3,B,B,4,B,,4,4,5,4,4,4,4,4,4,4,4,4,4,4,4,4,4,4,5,5,4,4,5,4,4,4,4
185,Pure by Big C,1,,,,3,2,,,Boots,,,,1,2,,,,Watson,,,,1,2,,,,Pure by Big C,,,,,,,,,1,,,,,,,,,,,,,,,,,,,,,A,1000,700,700,5,5,4,5,5,5,5,5,5,5,4,Pure by Big C,3,3,3,4,4,4,4,4,4,4,3,Boots,2,4,4,3,2,4,4,4,4,4,4,Watson,2,4,4,3,3,4,4,4,4,4,3,5,5,5,5,5,Pure by Big C,4,4,4,4,4,Boots,4,3,3,99,4,Watson,4,4,3,4,4,2,,,,1,,1,,,,,,4,,4,,1,1,1,1,,,1,,1,,,3,B,C,3,B,,3,3,3,4,4,4,5,4,4,3,3,4,3,3,4,2,3,4,3,4,3,3,4,4,3,2,4
186,Boots,,1,,,2,3,,,Watson,,,,,1,2,3,,,,,,,,,,,,,,,,,,,,,,,,,,,,,,,,,,,,,,,,,D,500,500,,5,4,5,5,4,5,5,5,4,5,4,Boots,5,5,5,4,3,4,5,4,5,5,5,Watson,5,5,5,4,5,4,5,4,5,5,5,,,,,,,,,,,,,5,4,3,3,5,Boots,5,5,3,99,4,Watson,5,5,3,99,4,,,,,,,2,,,,,,2,,,,,,,,,,,1,,1,,,1,,,1,,2,A,B,3,,2,2,3,2,4,4,4,3,4,3,4,4,2,4,4,2,3,4,4,3,4,4,2,4,4,4,2,5
187,Watson,,,2,3,1,,,,P&F,1,,2,,,,,,Boots,1,,2,,,,,,,,,,,,,,,,P&F,,,,,,,1,,,Boots,,,,,,,1,,,D,200,200,100,4,4,5,5,5,5,4,4,5,5,4,Watson,4,5,4,4,4,4,4,4,5,4,5,P&F,4,4,3,4,4,4,4,4,3,4,4,Boots,4,4,4,2,2,2,4,4,4,3,4,4,5,3,4,4,Watson,4,4,3,99,4,P&F,4,3,3,99,4,Boots,3,4,3,99,4,2,,,2,,,2,2,,,,,,,,,,1,,,,,,,1,,,9,A,A,3,,,2,3,4,4,4,4,4,4,2,4,4,4,4,4,3,4,4,4,4,4,5,4,4,4,4,2,4
188,Fascino,1,2,3,,,,,,Boots,1,,,,,,,,Watson,,,,1,2,,,,Fascino,1,1,1,1,,,1,,,Boots,,,1,1,,,,,,,,,,,,,,,,D,5000,500,3000,5,5,4,5,5,5,5,4,4,5,4,Fascino,5,4,4,5,4,4,4,4,4,4,3,Boots,3,3,4,4,3,4,4,4,3,4,3,Watson,4,4,4,3,5,5,3,4,5,5,4,5,5,5,5,5,Fascino,5,5,5,5,5,Boots,4,4,4,99,4,Watson,4,4,4,4,4,2,,1,2,,2,1,,,,5,,,,5,,,1,1,1,,1,1,1,1,,,4,B,B,4,,,4,4,4,4,3,3,4,5,4,4,4,3,3,3,4,3,3,4,3,5,4,4,5,5,3,3,3
189,Watson,,,,1,3,,,2,Boots,,,,1,2,,,,,,,,,,,,,,,,,,,,,,,,,,,,,,,,,,,,,,,,,,,D,500,200,,5,4,4,4,5,5,5,5,5,5,4,Watson,3,4,4,3,4,4,3,2,4,4,3,Boots,3,4,4,3,4,4,3,2,4,4,3,,,,,,,,,,,,,5,4,5,4,4,Watson,4,4,4,99,4,Boots,4,4,4,99,4,,,,,,,2,,,,,,2,,,,,,,,,,1,1,1,1,,,1,,1,,,4,C,B,4,,,2,2,3,4,3,3,4,4,4,5,3,3,3,4,4,4,3,4,3,5,4,3,4,4,3,3,4
190,Pure by Big C,1,,,2,,3,,,Boots,,,,1,2,,,,Watson,,,,1,2,,,,Pure by Big C,,1,1,1,,1,,,,,,,,,,,,,,,,,,,,,,,,D,150,200,100,5,4,5,5,5,5,5,5,5,5,5,Pure by Big C,4,3,3,4,3,4,3,4,3,4,3,Boots,3,4,4,4,4,4,4,4,4,4,4,Watson,3,4,4,4,3,4,3,3,4,4,3,5,5,5,5,5,Pure by Big C,3,4,4,4,4,Boots,5,5,4,99,4,Watson,4,4,4,99,4,2,,,2,1,,2,,,,,,5,,,,1,1,1,1,1,1,1,,1,,,4,B,A,4,B,,3,2,4,4,4,2,5,4,4,3,3,4,3,3,3,4,4,4,5,4,4,4,4,5,4,3,3
191,Pure by Big C,1,,,,,,,,Watson,,,,1,2,,,,P&F,1,,,,,,,,Pure by Big C,,,,,,,,,1,,,,,,,,,,,P&F,,1,1,1,,,,,,A,50,1600,150,5,5,4,5,4,5,4,5,5,5,5,Pure by Big C,3,3,4,2,3,4,4,4,3,4,3,Watson,3,4,4,4,4,4,3,3,4,4,3,P&F,4,3,3,4,3,4,4,3,4,4,3,5,4,5,5,5,Pure by Big C,3,3,3,4,4,Watson,4,4,4,99,4,P&F,4,4,4,99,4,2,,,2,1,,2,,,,,,4,,,,,,1,1,,,1,,1,,,4,B,B,3,B,,2,2,4,4,3,3,5,4,3,4,2,2,2,3,3,4,5,4,4,5,3,3,4,5,4,4,4
192,Pure by Big C,1,,,,,,,,Watson,,,,1,2,,,,,,,,,,,,,Pure by Big C,,1,,,,,,,,,,,,,,,,,,,,,,,,,,,,D,50,200,,5,4,5,4,5,5,5,4,4,5,5,Pure by Big C,4,4,3,4,4,4,4,4,4,4,4,Watson,3,4,4,4,5,4,4,4,4,5,4,,,,,,,,,,,,,5,4,4,4,5,Pure by Big C,3,4,3,4,4,Watson,5,4,4,99,4,,,,,,,,,,,1,,2,,,,,,4,,,,,,1,1,,,1,1,,,,8,A,A,3,B,,4,4,3,4,4,3,4,4,4,3,3,5,3,3,4,2,4,4,3,5,4,3,4,5,3,3,3
193,Pure by Big C,1,,,,,,,,Watson,,,,1,2,,,,Boots,,,,1,2,,,,Pure by Big C,,,1,,,,,,,,,,,,,,,,,,,,,,,,,,,D,80,500,500,5,4,4,5,5,5,5,5,4,5,5,Pure by Big C,4,3,3,3,3,4,2,2,2,4,3,Watson,4,4,4,3,4,4,3,3,4,4,4,Boots,4,4,3,3,3,3,3,3,4,3,3,5,4,4,5,5,Pure by Big C,3,3,4,4,4,Watson,4,4,4,99,4,Boots,4,4,3,99,3,2,,,2,1,,2,,,,,,5,,,,,1,1,1,,,1,1,1,,,4,B,A,3,B,,3,3,3,4,3,3,4,5,3,4,3,3,3,3,4,3,4,4,5,4,5,4,4,4,4,4,3
194,Pure by Big C,1,,,,,,,,Boots,,,,,,,,1,Watson,,,,1,,,,,Pure by Big C,,1,,1,,1,,,1,,,,,,,,,,,,,,,,,,,,,D,500,100,100,5,5,5,5,5,4,4,4,4,5,4,Pure by Big C,4,4,4,5,5,5,5,4,4,5,4,Boots,5,5,5,4,4,4,5,4,5,5,5,Watson,5,5,4,4,4,4,4,4,4,4,5,5,5,4,5,5,Pure by Big C,5,4,4,5,4,Boots,4,4,3,99,4,Watson,4,4,3,99,4,2,,,,1,,2,,,,,,4,,,,,,,,,,,,,1,,10,B,B,3,B,,2,4,3,4,4,4,4,4,3,4,4,4,4,4,3,4,3,4,3,4,4,4,4,4,3,1,4
195,Pure by Big C,,,,,,1,,,Watson,,,,2,,1,,,Boots,,3,,,,1,2,,,,,,,,,,,,,,,,,,,,,,,,,,,,,,,,D,180,600,500,4,4,5,5,5,5,5,5,5,5,5,Pure by Big C,3,3,4,3,3,5,4,4,2,3,2,Watson,5,5,5,4,4,5,5,5,5,5,5,Boots,5,5,5,3,3,5,4,4,4,3,4,5,5,4,3,5,Pure by Big C,4,3,3,3,4,Watson,5,5,3,99,5,Boots,4,5,3,99,3,2,,2,,1,,2,,,,,,4,,,,,,,1,,,1,1,,1,,7,B,B,3,B,,3,3,2,3,4,4,4,4,2,4,5,4,4,4,2,2,2,4,3,4,4,4,4,5,4,1,4
196,Pure by Big C,,1,,,,,,,Watson,,,,1,2,,,,Boots,,,,1,2,,,,,,,,,,,,,,,,,,,,,,,,,,,,,,,,,,D,85,700,500,5,5,5,5,5,5,5,5,5,5,5,Pure by Big C,4,4,4,3,4,4,4,4,4,4,3,Watson,4,4,4,4,4,4,3,3,4,4,4,Boots,4,4,4,3,4,3,3,3,4,4,3,5,4,4,5,5,Pure by Big C,4,3,4,4,4,Watson,4,4,4,99,4,Boots,4,4,4,99,4,2,,,2,1,,2,,,,,,4,,,,1,1,1,1,,,1,1,1,1,,10,A,A,3,C,,3,3,4,5,4,3,4,5,4,3,4,4,3,2,4,3,4,4,4,5,3,4,4,5,3,3,4
197,Pure by Big C,,,,1,,,2,,Watson,,1,,2,3,,,,Boots,,,,,,1,,,,,,,,,,,,,,,,,,,,,,,,,,,,,,,,,D,200,300,500,3,5,5,5,5,5,5,5,5,5,4,Pure by Big C,3,4,4,4,3,3,4,5,3,5,3,Watson,5,5,5,5,4,4,4,5,5,5,5,Boots,5,4,5,4,4,4,5,5,4,4,4,5,5,5,4,5,Pure by Big C,5,3,3,4,4,Watson,5,5,4,99,5,Boots,5,5,4,99,5,2,,,2,1,2,2,,,,,,4,,,,,1,,1,,,1,1,,,,2,B,B,4,B,,2,2,3,3,4,4,4,4,2,2,3,4,4,3,4,2,2,4,3,4,3,4,4,3,4,2,5
198,Pure by Big C,1,,,,,,2,,Watson,,,,1,2,,,,,,,,,,,,,Pure by Big C,,1,,,,,,,,,,,,,,,,,,,,,,,,,,,,D,120,200,,4,5,3,5,5,5,5,5,5,5,4,Pure by Big C,4,3,4,4,4,3,4,4,2,4,2,Watson,5,5,5,4,4,4,4,4,4,5,5,,,,,,,,,,,,,4,5,3,4,5,Pure by Big C,4,4,3,4,4,Watson,5,5,3,99,4,,,,,,,,,,,1,,2,,,,,,4,,,,,,,,,,,1,1,,,9,B,A,4,B,,2,2,3,4,2,3,5,5,5,2,3,4,4,4,5,4,2,4,2,4,4,4,4,4,4,2,4
199,Pure by Big C,,1,,,,,,,P&F,1,,,,,,,,Save Drug,1,,,,,,,,,,,,,,,,,,P&F,,1,1,,,,,,,Save Drug,,1,1,,,,,,,D,300,50,50,4,5,3,4,4,5,5,4,4,4,3,Pure by Big C,4,4,3,4,3,2,4,4,4,4,3,P&F,4,3,4,4,3,4,4,4,4,3,3,Save Drug,4,3,4,4,3,3,4,4,4,3,3,5,5,4,3,5,Pure by Big C,5,5,4,4,5,P&F,4,4,4,99,5,Save Drug,4,4,3,99,5,2,,2,2,1,2,2,,,,,,4,,,,1,1,1,1,,,1,,1,,,4,B,B,4,B,,5,4,3,4,5,4,4,3,4,4,4,3,2,5,4,4,4,2,2,4,3,4,4,4,3,4,5
200,Pure by Big C,1,2,,3,,,,,P&F,1,2,3,,,,,,Watson,,,,1,2,,,,Pure by Big C,,1,1,1,,,,,,P&F,,1,1,1,,,,,,,,,,,,,,,,D,200,200,300,4,4,4,5,4,4,4,4,5,4,2,Pure by Big C,4,5,4,4,3,4,4,4,4,4,2,P&F,5,4,3,4,3,4,4,4,4,4,2,Watson,3,4,4,4,4,4,3,3,4,4,4,5,4,4,4,5,Pure by Big C,5,5,4,4,5,P&F,5,5,5,99,5,Watson,4,3,3,99,4,,,,2,1,2,2,,,,,,4,,,,1,1,1,1,,,1,,1,,,4,C,B,4,C,,3,3,3,4,4,3,4,5,4,5,5,3,3,4,5,4,4,4,4,5,3,4,5,5,5,4,5
201,Pure by Big C,1,,,,2,,,,Watson,,,,1,2,,,,Boots,,,,1,2,,,,Pure by Big C,,,,,,,,,1,,,,,,,,,,,,,,,,,,,,,D,70,200,200,5,5,5,5,5,5,5,5,5,5,5,Pure by Big C,4,3,3,3,3,4,3,3,2,4,3,Watson,4,4,5,3,5,4,4,3,4,4,4,Boots,3,3,3,3,3,4,3,3,4,2,3,5,5,5,5,5,Pure by Big C,4,3,3,4,4,Watson,4,4,4,99,4,Boots,4,3,3,99,3,2,,,,1,,2,,,,,,5,,,,1,1,1,1,,,1,1,1,,,2,B,B,2,B,,3,3,4,4,2,2,5,4,4,4,3,3,3,4,3,3,4,4,4,4,4,5,4,4,4,4,3
202,Pure by Big C,1,,,,,,,,Watson,,,,1,2,,,,Boots,,,,1,2,,,,Pure by Big C,,1,,,,,,,,,,,,,,,,,,,,,,,,,,,,D,70,500,400,4,5,5,4,4,4,5,5,4,4,4,Pure by Big C,3,3,3,3,4,4,4,3,3,4,3,Watson,3,4,4,4,4,5,4,4,4,4,5,Boots,3,4,4,4,4,4,3,4,3,3,4,5,5,5,5,5,Pure by Big C,3,3,3,4,4,Watson,4,4,4,99,4,Boots,4,4,4,99,4,2,,,,1,,2,,,,,,4,,,,,1,1,1,,,1,,,,,4,B,A,4,B,,2,4,4,3,2,3,4,4,4,3,3,2,2,1,3,2,4,4,3,5,3,4,4,5,2,2,3
203,Pure by Big C,1,,,,,,,,Watson,,,,1,2,,,,P&F,1,,,,,,,,Pure by Big C,,1,1,,,,,,,,,,,,,,,,,P&F,,1,1,,,,,,,D,100,500,200,5,4,5,5,5,4,5,5,5,4,5,Pure by Big C,3,4,3,3,3,4,3,4,3,4,3,Watson,3,4,4,3,4,4,4,4,4,4,4,P&F,5,3,3,4,3,4,4,4,4,4,3,5,5,5,5,5,Pure by Big C,3,3,3,4,4,Watson,4,4,4,99,4,P&F,4,4,4,99,4,2,,,2,1,,2,,,,,,4,,,,1,1,1,1,,1,1,1,1,,,6,B,B,4,B,,2,3,4,4,3,3,5,4,4,4,4,3,2,4,3,1,5,4,2,4,2,2,5,4,2,2,4
204,Pure by Big C,1,,,,,,,,P&F,1,,,,,,,,Watson,1,,,2,,,,,Pure by Big C,1,,,,1,,,,,P&F,,,,,,,,1,,Watson,,,,,1,,,,,D,100,150,100,4,4,5,5,5,5,5,5,5,5,4,Pure by Big C,4,4,3,4,4,4,4,5,4,5,4,P&F,5,5,4,4,4,3,5,5,4,4,3,Watson,3,4,5,4,5,4,3,4,4,4,4,4,5,5,4,5,Pure by Big C,4,4,4,4,5,P&F,4,3,5,3,5,Watson,4,3,3,99,4,2,,,1,1,,2,,,,,4,4,,,,,,,,,,,,,1,,10,A,A,3,B,,3,3,4,4,4,3,4,4,4,4,4,4,4,5,4,4,3,4,2,4,4,4,4,4,2,2,4
205,Pure by Big C,2,,,1,,,,,,,,,,,,,,,,,,,,,,,Pure by Big C,,1,,,,,,,,,,,,,,,,,,,,,,,,,,,,D,130,,,4,4,4,5,5,5,5,5,4,5,5,Pure by Big C,4,4,4,5,5,4,5,3,4,4,4,,,,,,,,,,,,,,,,,,,,,,,,,3,4,3,4,4,Pure by Big C,4,3,3,4,4,,,,,,,,,,,,,,,,,1,,,,,,,,4,,,,,,1,,,1,,,,,,3,A,A,2,C,,4,3,4,4,2,2,4,4,2,4,3,4,2,3,4,3,4,4,3,4,4,4,4,4,4,1,4
206,Pure by Big C,2,1,,,3,,,,Watson,2,,,3,1,,,,Boots,,3,,2,1,,,,Pure by Big C,,,,,1,,,,,watson,,,,,,1,,,,,,,,,,,,,,B,500,300,400,4,4,4,5,5,5,5,4,5,5,4,Pure by Big C,4,4,4,5,5,5,5,4,4,5,4,Watson,5,4,5,4,5,5,4,5,4,5,5,Boots,4,4,5,4,4,5,4,4,4,5,4,4,4,5,4,5,Pure by Big C,4,4,5,5,5,Watson,4,5,4,99,5,Boots,4,5,4,99,4,2,,,,1,,2,,,,,,4,,,,,1,1,1,,,1,,,,,2,B,B,3,B,,4,4,2,4,4,4,3,4,4,4,4,4,3,4,4,4,4,4,2,4,4,4,4,4,3,1,4
207,Pure by Big C,,1,2,3,,,,,P&F,1,2,3,,,,,,Watson,,,,,1,2,3,,,,,,,,,,,,P&F,,1,1,,1,,,,,,,,,,,,,,,D,300,300,500,5,5,5,5,5,5,5,5,5,5,5,Pure by Big C,5,5,4,5,5,3,5,4,4,5,5,P&F,4,4,4,4,4,3,4,4,4,2,4,Watson,4,4,4,4,4,3,4,4,4,4,4,5,5,5,5,5,Pure by Big C,4,4,3,4,4,P&F,4,4,3,99,4,Watson,4,3,4,99,3,2,,,2,1,,2,,,,,,5,,,,,,,1,,1,1,1,1,,,6,B,B,4,B,,4,5,4,3,4,4,5,4,4,4,5,4,4,4,4,4,5,4,4,3,4,4,4,5,4,4,4
208,Pure by Big C,1,2,,,,,,,P&F,1,,,,,,,,Watson,,,,1,,,,,Pure by Big C,,1,1,,,,,,,P&F,,1,1,1,,,,,,,,,,,,,,,,D,200,200,300,5,5,5,2,4,5,5,5,4,5,4,Pure by Big C,5,5,5,4,5,5,4,4,4,5,4,P&F,5,5,5,5,5,4,4,5,4,4,4,Watson,4,5,5,4,5,4,4,4,4,4,4,5,4,4,4,4,Pure by Big C,5,4,5,5,5,P&F,5,5,4,99,5,Watson,4,3,4,99,4,,,,2,1,,2,,,,,,4,,,,1,1,1,1,,,1,,1,,,3,B,B,5,B,,3,3,4,5,4,4,4,5,5,5,4,4,3,5,5,4,4,3,4,5,4,5,4,5,4,4,4
209,Pure by Big C,1,2,,3,,,,,P&F,1,2,,,,,,,Save Drug,1,2,,,,,,,Pure by Big C,,1,1,1,,,,,,P&F,,1,1,1,,,,,,Save Drug,,1,1,1,,,,,,D,150,150,150,5,4,4,3,3,4,5,5,5,5,1,Pure by Big C,4,4,3,3,3,4,4,4,4,4,4,P&F,4,4,4,4,2,4,4,4,4,3,2,Save Drug,4,4,4,3,3,4,4,4,4,3,2,5,4,3,4,5,Pure by Big C,5,5,3,4,4,P&F,5,4,4,99,4,Save Drug,5,4,3,99,4,,,,2,1,2,2,,,,,,4,,,,1,1,1,1,,,1,,,,,3,B,B,5,A,,3,3,3,5,4,3,4,5,5,4,4,2,1,4,4,4,4,3,3,5,5,4,5,5,5,5,5
210,Boots,2,,,,,1,,,Watson,,,,1,,,,,Pure by Big C,1,,,,,,,,Boots,,1,,,,,,,,,,,,,,,,,,Pure by Big C,,1,1,,,,,,,D,1300,300,100,4,4,5,5,5,5,5,5,5,5,5,Boots,5,5,5,5,5,2,5,5,5,5,5,Watson,5,5,5,5,5,2,5,5,5,5,5,Pure by Big C,4,5,2,4,3,5,4,5,3,4,2,4,4,4,4,5,Boots,5,5,4,99,5,Watson,5,5,3,99,5,Pure by Big C,4,3,4,99,4,2,,,,2,,2,,,,,,,,,,1,,,1,,1,,,,,,6,B,B,3,,,4,4,5,4,4,4,3,5,4,4,4,2,4,4,2,2,4,4,4,4,4,5,5,4,4,1,4
211,Fascino,1,2,,,,,,,Boots,,,,1,,,,,Watson,,,,1,,,,,Fascino,,1,1,,,,,,,,,,,,,,,,,,,,,,,,,,,D,1000,600,300,5,5,5,5,5,5,5,5,5,5,4,Fascino,5,3,3,5,4,4,4,4,4,4,3,Boots,3,4,4,3,4,4,3,3,4,4,3,Watson,3,4,4,3,4,4,3,3,4,4,3,5,5,5,5,5,Fascino,5,5,5,5,4,Boots,4,4,4,99,4,Watson,4,4,4,99,4,2,,1,,,,2,,,,5,,,,,,1,1,1,1,,1,1,,1,,,4,B,A,4,,,3,3,3,5,3,2,4,5,3,2,3,4,3,2,4,3,3,3,3,4,4,3,4,4,3,2,4
212,Save Drug,1,,,2,,,,3,Boots,1,,,,,,,,Watson,,,,1,,,,,Save Drug,,1,1,,,,,,,Boots,,1,1,,,,,,,,,,,,,,,,,D,1000,200,300,5,5,5,5,5,4,4,4,5,5,4,Save Drug,5,4,4,5,3,4,4,4,4,4,3,Boots,4,4,4,4,2,4,4,4,4,4,3,Watson,3,4,4,4,4,4,4,4,4,4,3,5,5,5,4,5,Save Drug,5,4,4,99,4,Boots,4,4,4,99,4,Watson,4,3,3,99,4,2,,,,,2,2,,,,,,,,,,,,1,1,,,,1,,,,3,B,A,4,,,3,3,4,4,4,3,4,5,4,4,3,3,2,3,4,4,4,4,4,5,3,4,4,5,3,3,3
213,Boots,,1,,2,,,,,Watson,,,,1,2,,,,,,,,,,,,,,,,,,,,,,,,,,,,,,,,,,,,,,,,,,,D,400,300,,5,5,5,4,4,5,5,5,5,5,4,Boots,4,4,4,4,4,4,4,4,4,4,4,Watson,3,4,4,3,4,4,4,4,4,4,4,,,,,,,,,,,,,5,5,5,5,5,Boots,4,4,5,99,4,Watson,4,4,4,99,4,,,,,,,2,,,,,,2,,,,,,,,,,1,1,1,,,1,,,,,,6,C,A,4,,,4,4,5,4,3,4,4,4,4,5,4,4,4,4,4,4,5,4,4,4,5,4,4,4,4,4,5
214,Watson,,2,,1,,,,,,,,,,,,,,,,,,,,,,,,,,,,,,,,,,,,,,,,,,,,,,,,,,,,,D,3000,,,4,4,4,5,4,5,5,5,5,5,3,Watson,4,5,5,5,4,4,5,5,5,5,4,,,,,,,,,,,,,,,,,,,,,,,,,3,4,3,3,5,Watson,4,4,3,3,5,,,,,,,,,,,,,,,,,,,1,,,,,,,,4,,1,1,,1,,,,,,,,2,C,A,3,,,2,2,3,2,2,2,3,4,4,4,3,3,2,4,2,4,4,4,3,4,4,3,4,4,4,1,3
215,Pure by Big C,1,2,,,,,,,Watson,,,,1,2,,,,Boots,,,,1,2,,,,Pure by Big C,,1,1,,,,,,,,,,,,,,,,,,,,,,,,,,,D,300,400,300,4,5,5,5,5,5,5,5,5,5,4,Pure by Big C,2,3,3,3,3,4,4,4,4,4,3,Watson,3,4,4,3,4,4,4,4,4,4,3,Boots,3,4,4,3,4,4,3,3,4,4,3,5,5,5,5,5,Pure by Big C,4,4,3,4,4,Watson,4,4,4,99,4,Boots,4,4,4,99,4,2,,,2,1,,2,,,,,,5,,,,1,1,1,1,,1,,1,1,,,4,A,A,4,B,,2,2,4,4,4,3,4,5,4,3,3,4,3,3,4,3,3,3,3,5,4,3,5,4,3,3,3
216,Pure by Big C,,1,,2,3,,,,Watson,,1,,,,,,,Boots,,,,,,1,,,,,,,,,,,,,,,,,,,,,,,,,,,,,,,,,D,900,900,400,5,5,5,4,5,5,5,5,5,5,4,Pure by Big C,4,4,4,5,4,5,5,5,4,5,3,Watson,5,5,5,5,5,2,4,4,5,5,5,Boots,5,5,5,4,2,2,4,4,5,3,5,5,5,3,5,5,Pure by Big C,5,3,3,5,5,Watson,4,5,3,99,5,Boots,4,5,3,99,5,2,,,,1,,2,,,,,,5,,,,,,1,,,,,,,1,,10,B,B,4,C,,2,4,4,4,4,4,4,5,2,4,3,4,3,4,3,4,3,4,4,4,4,4,4,5,4,1,1
217,Pure by Big C,1,2,,,3,,,,,,,,,,,,,,,,,,,,,,Pure by Big C,,1,,,,,,,1,,,,,,,,,,,,,,,,,,,,,D,100,,,4,5,3,5,3,4,4,4,4,4,3,Pure by Big C,4,3,4,4,3,4,4,4,4,3,2,,,,,,,,,,,,,,,,,,,,,,,,,4,3,3,4,5,Pure by Big C,4,3,3,3,4,,,,,,,,,,,,,,,,,1,,,,,,,,4,,,,1,1,1,1,1,,1,,1,,,7,C,B,3,B,,2,2,2,3,3,3,4,4,2,4,4,4,4,4,2,4,4,4,3,4,4,4,4,4,4,1,1
218,Pure by Big C,1,3,,,2,,,,Watson,,,,,1,,,,Boots,1,2,,,3,,,,Pure by Big C,,1,,,,,,,,,,,,,,,,,,Boots,,1,,,,,,,,D,1500,10000,500,5,5,5,5,5,5,5,5,5,5,5,Pure by Big C,4,4,3,5,3,5,4,5,4,4,2,Watson,5,5,5,4,5,2,5,4,4,5,5,Boots,5,5,4,3,4,2,5,4,4,4,4,5,5,5,5,5,Pure by Big C,4,3,3,5,4,Watson,5,5,4,99,5,Boots,4,4,4,99,5,2,,2,,1,,2,,,,,,4,,,,,1,,,,1,,1,,,,6,A,B,4,C,,4,4,4,4,5,4,4,4,2,4,4,4,5,4,2,4,4,5,4,4,5,4,4,4,5,1,4
219,Pure by Big C,1,2,,,,,,,,,,,,,,,,,,,,,,,,,Pure by Big C,,,,1,,,,,,,,,,,,,,,,,,,,,,,,,,D,100,,,4,4,3,5,3,5,5,5,3,5,3,Pure by Big C,4,4,3,5,3,5,5,5,3,5,3,,,,,,,,,,,,,,,,,,,,,,,,,3,3,3,4,4,Pure by Big C,3,3,3,4,4,,,,,,,,,,,,,,,,,1,,,,,,,,4,,,,,,1,1,,,1,,,,,4,C,B,4,A,,2,2,4,4,2,3,4,4,4,4,3,2,2,3,4,4,3,4,2,4,4,4,4,4,4,2,4
220,Pure by Big C,1,2,,,,,,,Boots,,2,,1,,,,,Watson,,2,,1,,,,,Pure by Big C,,1,1,1,,,1,,,,,,,,,,,,,,,,,,,,,,,D,200,500,300,5,4,4,3,4,4,5,5,5,4,2,Pure by Big C,4,4,4,4,4,4,4,4,4,4,1,Boots,4,4,4,2,2,4,4,4,4,2,4,Watson,3,4,4,4,4,4,3,3,3,4,4,4,4,3,3,4,Pure by Big C,5,5,3,4,5,Boots,4,4,3,99,3,Watson,3,3,3,99,3,2,,,,1,,2,,,,,,4,,,,1,1,1,1,,,1,1,1,,,4,B,B,4,A,,4,4,3,4,5,3,4,4,4,4,4,3,3,3,4,4,4,4,3,4,3,3,5,5,4,4,4
221,Pure by Big C,1,2,,,,,,,Save Drug,1,,,,,,,,Watson,,,,1,2,,,,Pure by Big C,,,,,1,,,,,Save Drug,,1,,,,,,,,,,,,,,,,,,D,100,150,200,4,5,4,5,5,5,5,5,4,5,4,Pure by Big C,4,4,3,3,4,4,4,4,4,4,3,Save Drug,4,4,3,4,4,4,4,4,4,4,3,Watson,3,4,4,3,4,4,4,4,4,4,4,4,5,5,5,5,Pure by Big C,4,4,4,4,4,Save Drug,4,4,4,99,4,Watson,4,4,4,99,4,2,,,,1,2,2,,,,,,5,,,,1,1,1,1,1,1,1,1,1,,,6,B,B,4,B,,3,4,4,5,4,3,4,5,4,3,3,4,2,3,4,3,3,4,3,4,3,4,4,5,3,3,4
222,Pure by Big C,1,2,,,,,,,Save Drug,1,,,,,,,,Fascino,1,,,,,,,,Pure by Big C,1,,,,,,,,,Save Drug,,,1,,,,,,,Fascino,,,1,,,,,,,D,350,300,300,5,5,5,5,5,5,5,5,5,5,4,Pure by Big C,3,3,3,3,3,4,4,4,4,4,3,Save Drug,5,4,4,4,3,4,4,4,4,4,4,Fascino,5,3,3,4,3,4,4,4,4,4,4,5,5,5,5,5,Pure by Big C,4,4,3,4,4,Save Drug,4,4,4,99,4,Fascino,4,4,4,99,4,2,,2,,1,2,2,,,,,,4,,,,,,1,1,,,1,1,,,,3,A,B,3,B,,3,4,3,3,3,2,4,4,3,4,3,4,3,4,4,4,3,4,3,5,4,4,3,4,3,3,4
223,Pure by Big C,1,,,,,,,,Watson,,1,3,2,,,,,Boots,,,,,1,,,,Pure by Big C,,,,1,,,,,,,,,,,,,,,,,,,,,,,,,,C,50,200,200,4,5,5,4,5,5,5,5,5,5,5,Pure by Big C,3,4,3,4,3,5,5,5,4,4,3,Watson,4,5,5,5,5,4,5,5,5,5,5,Boots,5,5,5,3,4,4,5,5,4,2,3,5,5,3,3,5,Pure by Big C,4,3,3,4,4,Watson,4,5,3,99,5,Boots,5,4,3,99,5,2,,,2,1,2,2,2,,,,,2,,,,1,1,1,1,,,1,1,1,,,4,A,B,4,B,,4,4,2,4,4,4,4,4,2,4,4,3,4,4,2,2,4,4,4,4,4,4,4,4,4,1,5
224,Pure by Big C,,,,,2,1,,,Watson,,,,1,2,,,,Boots,1,,,,,,,,,,,,,,,,,,,,,,,,,,,,Boots,,1,1,,,,,,,D,950,900,100,4,5,5,5,5,5,5,5,5,5,4,Pure by Big C,4,2,4,5,3,5,5,5,4,5,2,Watson,5,5,5,5,5,4,5,5,5,5,5,Boots,5,5,5,4,2,4,5,4,5,2,4,4,5,3,5,5,Pure by Big C,4,4,4,4,4,Watson,5,5,3,99,5,Boots,5,5,3,99,5,2,,2,2,1,,2,,,,,,5,,,,,1,1,,,,1,,,,,7,C,B,4,C,,4,5,4,4,4,5,4,4,2,4,4,2,3,4,4,4,4,4,4,5,4,4,5,4,4,2,3
225,Pure by Big C,2,1,,,,,,,Watson,,,,1,,,,,Boots,1,,,,,,,2,Pure by Big C,,1,1,1,,,,,1,,,,,,,,,,,Boots,,1,1,,,,,,,D,114,150,150,4,2,2,4,3,5,5,5,5,5,3,Pure by Big C,4,2,2,4,3,5,5,5,4,5,2,Watson,5,5,5,3,4,2,5,5,5,5,5,Boots,5,5,5,3,2,2,4,4,4,2,3,5,5,3,5,5,Pure by Big C,4,4,4,5,5,Watson,5,5,4,99,5,Boots,5,5,4,99,5,2,,,,1,,2,,,,,,4,,,,,,,1,,1,,1,1,,,6,B,B,3,C,,4,4,5,3,4,4,4,5,2,4,4,4,3,4,2,4,4,5,2,4,4,4,5,2,4,1,4
226,Pure by Big C,,1,2,,,,,,Watson,,3,,2,,1,,,Boots,2,1,,,,,,,,,,,,,,,,,,,,,,,,,,,Boots,1,1,,,,,,,,D,400,2000,1500,4,5,5,4,5,5,5,5,5,5,5,Pure by Big C,4,3,3,4,3,5,4,5,2,4,2,Watson,5,5,5,5,5,4,5,3,5,5,5,Boots,5,5,5,4,5,4,5,3,4,3,3,5,5,5,5,5,Pure by Big C,4,3,4,5,4,Watson,5,5,4,5,5,Boots,4,5,5,99,5,2,,,2,1,2,1,,,,,,4,,4,,1,1,,1,,,1,1,,,,4,B,B,4,C,,4,5,4,5,4,4,4,5,2,2,4,4,4,5,2,4,4,4,5,4,5,4,5,4,4,1,4
227,Pure by Big C,1,2,,,,,,,Watson,,,,1,,,,,Boots,,,,1,,,,,Pure by Big C,,1,,,,,,,1,,,,,,,,,,,,,,,,,,,,,D,500,400,300,5,5,4,5,5,5,5,5,4,5,4,Pure by Big C,3,3,4,3,4,4,3,4,4,4,3,Watson,4,4,4,4,4,4,4,4,4,4,4,Boots,4,4,4,4,4,4,4,4,4,4,4,4,5,5,5,4,Pure by Big C,5,4,4,4,4,Watson,5,4,4,99,4,Boots,4,4,4,99,4,2,,,,1,,2,,,,,,4,,,,,1,1,1,1,,1,,,,,7,B,B,4,B,,3,4,3,4,4,3,4,4,4,3,4,3,3,3,4,3,4,5,4,4,3,4,4,4,4,2,4
228,Pure by Big C,1,2,,,,,,,Watson,,,,1,,,,,,,,,,,,,,Pure by Big C,,1,,,,,1,,,,,,,,,,,,,,,,,,,,,,,C,250,300,,5,5,5,5,5,5,5,5,5,5,5,Pure by Big C,4,4,4,4,4,4,4,4,4,4,4,Watson,4,4,4,4,4,4,4,4,4,4,4,,,,,,,,,,,,,5,5,5,5,5,Pure by Big C,4,4,4,4,4,Watson,4,5,5,4,4,,,,,,,,,,,1,,1,,,,,,5,,4,,1,1,1,1,,1,,,,,,6,C,B,4,B,,4,4,5,4,4,5,4,4,3,4,5,5,4,4,4,4,5,4,4,5,3,4,4,5,4,4,4
229,Pure by Big C,,1,,,,,,,,,,,,,,,,,,,,,,,,,,,,,,,,,,,,,,,,,,,,,,,,,,,,,,,B,250,,,5,5,4,5,5,5,5,4,4,5,4,Pure by Big C,4,4,4,4,4,4,4,4,3,4,4,,,,,,,,,,,,,,,,,,,,,,,,,5,5,5,5,4,Pure by Big C,4,4,4,4,4,,,,,,,,,,,,,,,,,1,,,,,,,,4,,,,1,1,1,1,,,,,,,,3,C,B,4,B,,4,5,4,5,4,5,4,4,4,5,4,4,4,4,4,4,4,5,4,4,4,5,4,4,4,4,4
230,Pure by Big C,1,,,,,,,,,,,,,,,,,,,,,,,,,,Pure by Big C,,1,,,,,,,,,,,,,,,,,,,,,,,,,,,,D,100,,,5,4,5,5,5,5,5,4,4,5,5,Pure by Big C,5,4,4,4,4,4,4,4,4,4,4,,,,,,,,,,,,,,,,,,,,,,,,,5,5,5,5,5,Pure by Big C,4,4,4,4,4,,,,,,,,,,,,,,,,,1,,,,,,,,4,,,,1,1,1,,,,,,,,,3,C,B,4,B,,4,4,5,3,4,5,4,4,3,4,5,5,3,4,4,4,5,3,4,4,5,4,4,4,4,3,4
231,Pure by Big C,1,3,2,,,,,,,,,,,,,,,,,,,,,,,,Pure by Big C,,1,1,,,,1,,,,,,,,,,,,,,,,,,,,,,,B,100,,,4,3,4,4,3,4,4,3,4,4,3,Pure by Big C,4,3,4,4,3,4,3,4,3,4,4,,,,,,,,,,,,,,,,,,,,,,,,,4,3,4,4,4,Pure by Big C,4,4,3,4,4,,,,,,,,,,,,,,,,,1,,,,,,,,4,,,,,,1,,,1,1,,,,,3,B,B,4,B,,3,4,1,5,2,2,2,5,5,2,4,4,1,5,2,1,5,2,1,3,4,4,5,4,2,1,5
232,Pure by Big C,1,2,,,,3,,,Save Drug,1,2,3,,,,,,,,,,,,,,,Pure by Big C,,1,1,1,,,,,,Save Drug,,1,1,,,,1,,,,,,,,,,,,,D,100,100,,4,5,3,4,3,4,4,4,4,5,4,Pure by Big C,4,4,4,4,4,4,5,4,4,4,4,Save Drug,4,4,4,4,2,2,4,4,4,4,4,,,,,,,,,,,,,4,4,5,5,5,Pure by Big C,5,5,5,5,5,Save Drug,5,5,5,99,5,,,,,,,,,,,1,2,,,,,,,4,,,,,,1,,,,1,,1,,,3,A,A,3,B,,2,3,2,4,3,2,4,2,3,4,4,4,3,4,4,4,4,3,4,4,4,4,4,4,3,3,3
233,Pure by Big C,3,1,,,,2,,,Watson,2,1,,,,3,,,,,,,,,,,,Pure by Big C,,1,1,1,,,,,,watson,,1,1,1,,,,,,,,,,,,,,,,D,500,100,,4,3,3,4,4,4,4,4,4,4,4,Pure by Big C,3,3,4,4,4,4,4,4,4,4,3,Watson,2,3,4,4,4,4,3,4,3,4,4,,,,,,,,,,,,,4,5,5,5,5,Pure by Big C,4,4,4,4,4,Watson,5,4,4,99,4,,,,,,,,,,,1,,2,,,,,,4,,,,,,1,,,,,,,,,3,B,B,4,C,,2,4,2,4,4,2,4,3,4,3,4,4,3,4,4,4,4,5,4,4,4,5,4,4,4,4,4
234,Pure by Big C,1,,2,,,,,,Boots,,2,,1,3,,,,Watson,,2,,1,3,,,,Pure by Big C,,1,1,,,,,,,,,,,,,,,,,,,,,,,,,,,D,200,300,400,4,4,4,5,5,4,4,4,3,4,4,Pure by Big C,4,4,3,3,4,3,4,4,4,4,4,Boots,4,4,4,4,4,4,4,4,4,4,4,Watson,4,4,4,4,4,4,4,4,4,4,4,5,4,4,4,4,Pure by Big C,4,4,4,4,4,Boots,4,5,3,99,3,Watson,4,5,3,99,3,2,,,,1,,2,,,,,,4,,,,1,1,1,,,,,,,,1,3,A,A,4,C,,3,4,3,4,3,2,4,4,4,4,3,4,4,4,4,4,4,4,4,5,4,4,5,4,3,3,3
235,Pure by Big C,1,2,,,,3,,,Watson,,1,,2,,3,,,Boots,,1,,2,,3,,,Pure by Big C,1,1,,,,,1,,,,,,,,,,,,,,,,,,,,,,,D,200,300,300,4,4,5,4,4,5,4,4,5,4,4,Pure by Big C,4,4,5,4,4,4,4,5,4,4,4,Watson,4,4,4,2,4,3,3,3,3,3,3,Boots,3,2,3,3,3,3,3,2,3,3,3,4,5,4,4,4,Pure by Big C,3,4,4,4,4,Watson,3,3,3,99,3,Boots,3,3,3,99,3,2,,,,1,,2,,,,,,4,,,,,,1,,,,1,,,,,3,B,B,4,B,,2,1,5,4,2,2,1,5,4,3,4,4,3,4,3,2,4,4,4,4,4,4,4,5,4,4,5
236,Pure by Big C,2,1,,,,3,,,Boots,,,,,2,3,1,,Watson,,,,,2,3,1,,Pure by Big C,,1,1,,,,,,,,,,,,,,,,,,,,,,,,,,,C,200,500,500,3,4,4,3,4,4,3,4,4,4,4,Pure by Big C,3,4,4,3,4,4,3,4,3,4,4,Boots,3,4,4,3,4,4,3,4,3,4,4,Watson,3,4,3,4,3,4,3,4,3,4,4,3,4,4,3,4,Pure by Big C,4,3,4,4,3,Boots,4,3,3,99,3,Watson,3,3,3,99,3,2,,,,1,2,2,,,,,,4,,,,,,1,,,,1,,,,,7,B,A,4,B,,2,2,3,4,2,2,4,4,4,1,4,3,4,3,2,4,4,3,2,2,4,4,4,4,4,1,4
237,Pure by Big C,1,,,,3,2,,,,,,,,,,,,,,,,,,,,,Pure by Big C,1,1,1,,,,,,,,,,,,,,,,,,,,,,,,,,,C,200,,,4,5,4,4,4,4,4,5,4,4,4,Pure by Big C,4,3,4,4,4,5,4,4,4,4,4,,,,,,,,,,,,,,,,,,,,,,,,,4,5,4,4,4,Pure by Big C,5,4,4,4,4,,,,,,,,,,,,,,,,,1,,,,,,,,4,,,,,,1,,,,,,,,,3,B,B,4,B,,2,2,3,3,3,2,4,5,5,1,4,4,2,3,2,4,4,3,4,4,4,3,4,5,3,1,5
238,Pure by Big C,1,,,,2,3,,,,,,,,,,,,,,,,,,,,,Pure by Big C,1,1,1,1,,,,,,,,,,,,,,,,,,,,,,,,,,C,200,,,4,5,4,4,3,4,4,3,4,4,4,Pure by Big C,3,4,4,3,4,3,4,4,3,4,4,,,,,,,,,,,,,,,,,,,,,,,,,4,5,4,4,4,Pure by Big C,4,3,4,4,3,,,,,,,,,,,,,,,,,1,,,,,,,,4,,,,,,1,,,,,,,,,3,B,B,4,B,,4,4,2,3,1,4,4,5,5,2,4,3,2,3,2,4,5,1,3,4,4,4,5,4,2,2,4
239,Watson,,,,2,,1,3,,Boots,,,,2,,1,3,,,,,,,,,,,,,,,,,,,,,,,,,,,,,,,,,,,,,,,,,B,500,500,,2,3,4,3,3,4,3,3,4,3,3,Watson,3,3,4,3,3,4,3,4,4,4,4,Boots,3,4,4,4,3,3,4,4,4,4,4,,,,,,,,,,,,,3,4,4,3,4,Watson,3,4,3,3,4,Boots,3,4,4,99,3,,,,,,,2,,,,,,1,,,,,,,,4,,,,,,,,1,,,,,7,B,B,4,,,4,4,5,4,4,4,4,5,4,3,4,4,3,4,4,4,4,5,4,3,4,4,5,4,3,4,4
240,Watson,,,,1,,2,3,,,,,,,,,,,,,,,,,,,,,,,,,,,,,,,,,,,,,,,,,,,,,,,,,,B,200,,,3,4,4,3,4,3,4,4,3,4,4,Watson,4,3,4,4,3,3,3,3,3,3,3,,,,,,,,,,,,,,,,,,,,,,,,,4,4,3,4,4,Watson,4,4,3,99,4,,,,,,,,,,,,,,,,,,,2,,,,,,,,,,,,,1,,,1,1,,,,7,B,B,4,,,3,4,5,5,3,1,4,4,4,3,4,4,4,4,4,4,3,4,4,4,3,4,4,4,3,4,4
241,Watson,,3,,1,,2,,,P&F,,3,,1,,2,,,,,,,,,,,,,,,,,,,,,,,,,,,,,,,,,,,,,,,,,,D,500,500,,3,4,4,4,4,5,4,3,4,4,4,Watson,3,4,4,4,4,4,4,4,3,4,4,P&F,3,4,3,3,3,3,3,3,3,3,3,,,,,,,,,,,,,5,5,4,4,4,Watson,4,4,3,99,3,P&F,4,3,3,99,4,,,,,,,,,,2,,,2,,,,,,,,,,1,,1,1,,,,,,,,4,C,B,2,,,2,2,2,2,2,2,4,4,4,4,4,4,4,4,4,4,3,4,4,4,4,4,4,4,4,4,4
242,Boots,,3,,1,2,,,,Watson,,3,,1,2,,,,,,,,,,,,,,,,,,,,,,,,,,,,,,,,,,,,,,,,,,,D,400,400,,4,4,4,5,4,4,4,4,4,5,4,Boots,3,4,4,3,4,4,5,5,4,4,4,Watson,3,4,5,3,4,5,4,4,4,4,4,,,,,,,,,,,,,5,5,5,5,5,Boots,4,4,3,99,4,Watson,5,4,4,99,4,,,,,,,2,,,,,,2,,,,,,,,,,1,,1,1,,,,,,,,1,B,B,4,,,2,3,3,5,4,2,4,4,5,3,4,4,3,4,4,4,4,4,5,5,4,5,4,4,3,4,4
243,Pure by Big C,1,,,,2,3,,,Watson,,,,,2,1,3,,Boots,,,,,2,1,3,,Pure by Big C,1,1,,1,,,,,,,,,,,,,,,,,,,,,,,,,,B,200,500,300,4,5,4,4,5,4,4,5,4,4,4,Pure by Big C,4,5,4,4,5,4,4,5,4,5,4,Watson,4,4,3,3,3,3,3,4,3,4,3,Boots,3,3,3,3,3,3,3,3,3,3,3,4,5,4,4,5,Pure by Big C,4,4,5,4,4,Watson,3,3,3,99,3,Boots,3,3,3,99,3,2,,,,1,,2,,,,,,4,,,,,,1,,,,,,,,,3,B,B,4,B,,4,4,3,4,2,3,3,4,4,3,4,4,3,3,3,2,5,4,4,4,4,5,4,5,3,3,5
244,Pure by Big C,1,3,2,,,,,,Save Drug,1,3,2,,,,,,Boots,,3,,1,2,,,,Pure by Big C,,1,1,,,,,,,Save Drug,,1,1,,,,,,,,,,,,,,,,,D,150,150,100,4,3,3,4,4,5,4,4,4,5,4,Pure by Big C,4,4,3,4,4,3,4,4,4,4,3,Save Drug,4,4,3,4,4,3,4,4,4,4,3,Boots,3,4,4,4,4,2,3,4,4,3,4,4,4,4,5,5,Pure by Big C,3,4,4,4,4,Save Drug,4,4,4,99,4,Boots,4,4,4,99,4,2,,,,1,2,,,,,,,4,,,,,,1,,,,,,1,,,3,B,B,3,C,,4,4,5,4,4,3,3,5,5,5,4,4,4,5,5,4,5,4,4,5,5,5,5,4,4,2,5
245,Pure by Big C,1,2,,,,,,,Watson,,2,,1,,,,,,,,,,,,,,Pure by Big C,,1,1,1,,,,,,,,,,,,,,,,,,,,,,,,,,D,200,400,,3,3,4,4,4,4,4,4,3,4,3,Pure by Big C,4,4,3,3,3,3,4,4,4,4,3,Watson,3,4,4,4,4,3,4,4,4,4,4,,,,,,,,,,,,,5,5,4,4,4,Pure by Big C,4,3,3,4,4,Watson,4,3,4,99,4,,,,,,,,,,,1,,2,,,,,,4,,,,1,,1,1,,,,,,,,3,B,B,4,B,,3,4,3,5,4,2,4,4,4,3,4,4,4,4,4,4,4,4,4,4,4,5,4,4,4,4,5
246,Pure by Big C,1,,2,,,,,,Watson,,,,1,2,,,,,,,,,,,,,Pure by Big C,,1,1,,,,,,,,,,,,,,,,,,,,,,,,,,,D,250,300,,4,4,4,5,5,4,4,4,4,5,4,Pure by Big C,4,4,3,4,3,3,4,4,4,4,4,Watson,3,4,4,4,4,4,4,4,4,4,4,,,,,,,,,,,,,4,4,4,4,4,Pure by Big C,3,3,4,4,4,Watson,4,4,4,99,4,,,,,,,,,,,1,,2,,,,,,5,,,,1,,1,1,,,,,,,,3,B,B,4,B,,2,2,3,5,4,4,4,4,5,4,4,5,4,4,4,4,5,4,5,4,5,5,5,4,4,3,5
247,Pure by Big C,1,3,2,,,,,,Watson,,3,,1,2,,,,,,,,,,,,,Pure by Big C,,1,1,,,,,,,,,,,,,,,,,,,,,,,,,,,D,100,300,,3,3,4,4,4,4,4,3,4,4,4,Pure by Big C,4,4,3,3,3,3,4,4,4,4,4,Watson,3,4,4,4,4,3,4,4,4,4,4,,,,,,,,,,,,,5,4,4,4,4,Pure by Big C,3,4,4,4,4,Watson,4,4,4,99,4,,,,,,,,,,,1,,2,,,,,,4,,,,1,1,1,1,,,,,,,,4,C,B,4,B,,3,3,4,4,3,2,4,4,4,5,4,4,5,5,4,4,4,5,4,4,5,5,5,5,4,4,4
248,Pure by Big C,1,2,3,,,,,,Save Drug,,,,1,2,,,,,,,,,,,,,Pure by Big C,,1,1,1,,,,,,,,,,,,,,,,,,,,,,,,,,D,500,700,,4,5,4,4,4,4,5,4,4,4,4,Pure by Big C,5,4,4,4,4,4,4,5,4,4,4,Save Drug,3,4,4,4,4,4,4,4,4,4,4,,,,,,,,,,,,,5,4,4,4,5,Pure by Big C,4,4,4,4,4,Save Drug,3,4,4,99,4,,,,,,,,,,,1,2,,,,,,,4,,,,1,1,1,1,,,,1,,,,3,B,B,4,B,,2,4,3,4,5,2,5,4,3,5,2,3,3,4,3,4,4,4,3,3,2,3,4,4,2,3,3
249,Pure by Big C,1,,,,2,3,,,Save Drug,1,,,,,,,,Watson,,,,,2,1,,,Pure by Big C,,1,1,,,,,,,Save Drug,,1,1,,,,,,,,,,,,,,,,,B,100,100,200,3,4,3,4,3,4,4,3,3,4,4,Pure by Big C,4,4,3,4,4,3,4,4,4,4,3,Save Drug,4,3,4,3,4,4,3,4,3,4,3,Watson,3,3,4,3,4,3,4,3,4,3,4,3,4,4,3,4,Pure by Big C,4,3,4,4,4,Save Drug,3,3,3,99,4,Watson,4,4,3,99,3,,,,,1,2,2,,,,,,4,,,,,,1,,,,1,,,,,7,B,B,4,D,,4,4,2,4,3,4,4,5,4,3,4,3,4,4,2,2,4,4,3,4,4,4,4,4,4,2,5
250,Pure by Big C,1,2,,,,3,,,Watson,,3,,,2,,1,,,,,,,,,,,Pure by Big C,,1,1,1,,,,,,,,,,,,,,,,,,,,,,,,,,B,1000,1200,,4,3,4,4,3,4,4,3,4,4,3,Pure by Big C,4,3,4,4,3,4,3,4,4,3,4,Watson,4,4,3,3,4,3,4,4,3,4,4,,,,,,,,,,,,,4,3,4,4,3,Pure by Big C,3,4,4,4,4,Watson,4,3,3,99,4,,,,,,,,,,,1,,2,,,,,,5,,,,,,1,,,,,,,,,3,B,B,4,B,,2,2,2,4,2,1,5,5,5,2,4,4,2,4,4,2,3,4,3,4,5,4,5,3,3,1,5
